<?xml version="1.0" encoding="UTF-8"?>
<!--   
Copyright © 2004-2006 by Idiom Technologies, Inc. All rights reserved. 
IDIOM is a registered trademark of Idiom Technologies, Inc. and WORLDSERVER
and WORLDSTART are trademarks of Idiom Technologies, Inc. All other 
trademarks are the property of their respective owners. 

IDIOM TECHNOLOGIES, INC. IS DELIVERING THE SOFTWARE "AS IS," WITH 
ABSOLUTELY NO WARRANTIES WHATSOEVER, WHETHER EXPRESS OR IMPLIED,  AND IDIOM
TECHNOLOGIES, INC. DISCLAIMS ALL WARRANTIES, EXPRESS OR IMPLIED, INCLUDING
BUT NOT LIMITED TO WARRANTIES OF MERCHANTABILITY AND FITNESS FOR A PARTICULAR 
PURPOSE AND WARRANTY OF NON-INFRINGEMENT. IDIOM TECHNOLOGIES, INC. SHALL NOT
BE LIABLE FOR INDIRECT, INCIDENTAL, SPECIAL, COVER, PUNITIVE, EXEMPLARY,
RELIANCE, OR CONSEQUENTIAL DAMAGES (INCLUDING BUT NOT LIMITED TO LOSS OF 
ANTICIPATED PROFIT), ARISING FROM ANY CAUSE UNDER OR RELATED TO  OR ARISING 
OUT OF THE USE OF OR INABILITY TO USE THE SOFTWARE, EVEN IF IDIOM
TECHNOLOGIES, INC. HAS BEEN ADVISED OF THE POSSIBILITY OF SUCH DAMAGES. 

Idiom Technologies, Inc. and its licensors shall not be liable for any
damages suffered by any person as a result of using and/or modifying the
Software or its derivatives. In no event shall Idiom Technologies, Inc.'s
liability for any damages hereunder exceed the amounts received by Idiom
Technologies, Inc. as a result of this transaction.

These terms and conditions supersede the terms and conditions in any
licensing agreement to the extent that such terms and conditions conflict
with those set forth herein.

This file is part of the DITA Open Toolkit project. 
See the accompanying LICENSE file for applicable license.
-->
<vars xmlns="http://www.idiominc.com/opentopic/vars">
  <variable id="Preface odd header"><param ref-name="prodname"/> | Préface | <param ref-name="pagenum"/></variable>
  <variable id="Preface even header"><param ref-name="pagenum"/> | Préface | <param ref-name="prodname"/></variable>
  <variable id="Table of Contents">Table des matières</variable>
  <variable id="Index Continued String">a continué</variable>
  <variable id="Index See String">, Voir </variable>
  <variable id="Index See Also String">Voir aussi </variable>
  <variable id="Table of Contents Chapter">Chapitre <param ref-name="number"/> : </variable>
  <variable id="Table of Contents Appendix">Annexe <param ref-name="number"/> : </variable>
  <variable id="Table of Contents Part">Partie <param ref-name="number"/> : </variable>
  <variable id="Table of Contents Preface">Préface </variable>
  <variable id="Preface title">Préface</variable>
  <variable id="Notices title"><!--TODO:Notices title--></variable>
  <variable id="Mini Toc">Sujets :</variable>
  <variable id="#note-separator"> : </variable>
  <variable id="Notice"><!--TODO:Notice--></variable>
  <variable id="Figure.title">Illustration <param ref-name="number"/> : <param ref-name="title"/></variable>
  <variable id="Figure Number">Illustration <param ref-name="number"/></variable>
  <variable id="Table.title">Tableau <param ref-name="number"/> : <param ref-name="title"/></variable>
  <variable id="Table Number">Tableau <param ref-name="number"/></variable>
  <variable id="Related Links">Liens connexes</variable>
  <variable id="Cross-Reference">Référence croisée vers :</variable><!--UNUSED-->
  <variable id="Content-Reference">Référence de contenu vers :</variable><!--UNUSED-->
  <variable id="List item">Articles.</variable>
  <variable id="Foot note">Note de bas de page.</variable>
  <variable id="Navigation title">Titre de navigation</variable>
  <variable id="Search title">Titre de recherche</variable>
  <variable id="Chapter with number">Chapitre <param ref-name="number"/></variable>
  <variable id="Appendix with number">Annexe <param ref-name="number"/></variable>
  <variable id="Part with number">Partie <param ref-name="number"/></variable>
  <variable id="Required-Cleanup">[Nettoyage obligatoire]</variable>
  <variable id="On the page"> à la page <param ref-name="pagenum"/></variable>
  <variable id="Page"> la page <param ref-name="pagenum"/></variable>
  <variable id="This link">ce lien</variable><!--UNUSED-->
  <variable id="Optional Step">Facultatif :</variable>
  <variable id="Required Step">Obligatoire :</variable>
  <variable id="Task Prereq"></variable>
  <variable id="Task Context"></variable>
  <variable id="Task Steps"></variable>
  <variable id="#steps-unordered-label"></variable>
  <variable id="Task Result"></variable>
  <variable id="Task Example"></variable>
  <variable id="Task Postreq"></variable>
  <variable id="Glossary">Glossaire</variable>
  <variable id="List of Tables">Liste des tableaux</variable>
  <variable id="List of Figures">Liste des illustrations</variable>
</vars>