<?xml version="1.0" encoding="UTF-8"?>
<!--   
This file is part of the DITA Open Toolkit project. 

Copyright 2006 IBM Corporation

See the accompanying LICENSE file for applicable license.
-->
<vars xmlns="http://www.idiominc.com/opentopic/vars">
  <variable id="Preface odd header"><param ref-name="prodname"/> | Bevezető | <param ref-name="pagenum"/></variable>
  <variable id="Preface even header"><param ref-name="pagenum"/> | Bevezető | <param ref-name="prodname"/></variable>
  <variable id="Table of Contents">Tartalom</variable>
  <variable id="Index Continued String">folytatás</variable>
  <variable id="Index See String">, Lásd </variable>
  <variable id="Index See Also String">Lásd még </variable>
  <variable id="Table of Contents Chapter"><param ref-name="number"/>. fejezet: </variable>
  <variable id="Table of Contents Appendix"><param ref-name="number"/>. függelék: </variable>
  <variable id="Table of Contents Part">Rész <param ref-name="number"/>: </variable>
  <variable id="Table of Contents Preface">Bevezető: </variable>
  <variable id="Preface title">Bevezető</variable>
  <variable id="Notices title">Notice</variable><!--TODO:Notices title-->
  <variable id="Mini Toc">Tartalom: </variable><!-- TODO: replace translation "Contents" with "Topics"-->
  <variable id="Notice">Notice</variable><!--TODO:Notice-->
  <variable id="Figure.title">ábra <param ref-name="number"/>: <param ref-name="title"/></variable>
  <variable id="Figure Number">ábra <param ref-name="number"/></variable>
  <variable id="Table.title">táblázat <param ref-name="number"/>: <param ref-name="title"/></variable>
  <variable id="Table Number">táblázat <param ref-name="number"/></variable>
  <variable id="Related Links">Kapcsolódó tájékoztatás</variable>
  <variable id="Cross-Reference">Cross-Reference to:</variable><!--UNUSED-->
  <variable id="Content-Reference">Unresolved content reference to:</variable><!--UNUSED-->
  <variable id="List item">List item.</variable><!--TODO:List item-->
  <variable id="Foot note">Footnote.</variable><!--TODO:Footnote-->
  <variable id="Navigation title">Navigation title</variable><!--TODO:Navigation title-->
  <variable id="Search title">Search title</variable><!--TODO:Search title-->
  <variable id="Chapter with number"><param ref-name="number"/>. fejezet</variable>
  <variable id="Appendix with number"><param ref-name="number"/>. függelék</variable>
  <variable id="Part with number">Rész <param ref-name="number"/></variable>
  <variable id="Required-Cleanup">[Tisztázandó]</variable>
  <variable id="On the page"> oldalszám: <param ref-name="pagenum"/></variable>
  <variable id="Page"> oldal <param ref-name="pagenum"/></variable>
  <variable id="This link"></variable><!--UNUSED-->
  <variable id="Child topics"></variable><!--UNUSED-->
  <variable id="Related references"></variable><!--UNUSED-->
  <variable id="Optional Step">Választható:</variable>
  <variable id="Required Step">Kötelező:</variable>
  <variable id="Task Prereq"></variable>
  <variable id="Task Context"></variable>
  <variable id="Task Steps"></variable>
  <variable id="#steps-unordered-label"></variable>
  <variable id="Task Result"></variable>
  <variable id="Task Example"></variable>
  <variable id="Task Postreq"></variable>
  <variable id="Glossary">Fogalomtár</variable>
  <variable id="List of Tables">Táblázatok</variable>
  <variable id="List of Figures">Ábrák</variable>
</vars>
