<?xml version="1.0" encoding="UTF-8"?>
<!--   
This file is part of the DITA Open Toolkit project. 

Copyright 2006 IBM Corporation

See the accompanying LICENSE file for applicable license.
-->
<vars xmlns="http://www.idiominc.com/opentopic/vars">
  <variable id="Preface odd header"><param ref-name="prodname"/> | Wstęp | <param ref-name="pagenum"/></variable>
  <variable id="Preface even header"><param ref-name="pagenum"/> | Wstęp | <param ref-name="prodname"/></variable>
  <variable id="Table of Contents">Spis treści</variable>
  <variable id="Index Continued String">kontynuacja</variable>
  <variable id="Index See String">, Patrz </variable>
  <variable id="Index See Also String">Patrz także </variable>
  <variable id="Table of Contents Chapter">Rozdział <param ref-name="number"/>: </variable>
  <variable id="Table of Contents Appendix">Dodatek <param ref-name="number"/>: </variable>
  <variable id="Table of Contents Part">Numer <param ref-name="number"/>: </variable>
  <variable id="Table of Contents Preface">Wstęp: </variable>
  <variable id="Preface title">Wstęp</variable>
  <variable id="Notices title">Notice</variable><!--TODO:Notices title-->
  <variable id="Mini Toc">Spis treści: </variable><!-- TODO: replace translation "Contents" with "Topics"-->
  <variable id="Notice">Notice</variable><!--TODO:Notice-->
  <variable id="Figure.title">Rysunek <param ref-name="number"/>: <param ref-name="title"/></variable>
  <variable id="Figure Number">Rysunek <param ref-name="number"/></variable>
  <variable id="Table.title">Tabela <param ref-name="number"/>: <param ref-name="title"/></variable>
  <variable id="Table Number">Tabela <param ref-name="number"/></variable>
  <variable id="Related Links">Informacje pokrewne</variable>
  <variable id="Cross-Reference">Cross-Reference to:</variable><!--UNUSED-->
  <variable id="Content-Reference">Unresolved content reference to:</variable><!--UNUSED-->
  <variable id="List item">List item.</variable><!--TODO:List item-->
  <variable id="Foot note">Footnote.</variable><!--TODO:Footnote-->
  <variable id="Navigation title">Navigation title</variable><!--TODO:Navigation title-->
  <variable id="Search title">Search title</variable><!--TODO:Search title-->
  <variable id="Chapter with number">Rozdział <param ref-name="number"/></variable>
  <variable id="Appendix with number">Dodatek <param ref-name="number"/></variable>
  <variable id="Part with number">Numer <param ref-name="number"/></variable>
  <variable id="Required-Cleanup">[Wymagana korekta]</variable>
  <variable id="On the page"> na stronie <param ref-name="pagenum"/></variable>
  <variable id="Page"> Strona <param ref-name="pagenum"/></variable>
  <variable id="This link"></variable><!--UNUSED-->
  <variable id="Child topics"></variable><!--UNUSED-->
  <variable id="Related references"></variable><!--UNUSED-->
  <variable id="Optional Step">Opcjonalne:</variable>
  <variable id="Required Step">Wymagane:</variable>
  <variable id="Task Prereq"></variable>
  <variable id="Task Context"></variable>
  <variable id="Task Steps"></variable>
  <variable id="#steps-unordered-label"></variable>
  <variable id="Task Result"></variable>
  <variable id="Task Example"></variable>
  <variable id="Task Postreq"></variable>
  <variable id="Glossary">Glosariusz</variable>
  <variable id="List of Tables">Tabele</variable>
  <variable id="List of Figures">Rysunki</variable>
</vars>
