<?xml version="1.0" encoding="UTF-8"?>
<!--   
This file is part of the DITA Open Toolkit project. 

Copyright 2006 IBM Corporation

See the accompanying LICENSE file for applicable license.
-->
<vars xmlns="http://www.idiominc.com/opentopic/vars">
  <variable id="Preface odd header"><param ref-name="prodname"/> | Prefácio | <param ref-name="pagenum"/></variable>
  <variable id="Preface even header"><param ref-name="pagenum"/> | Prefácio | <param ref-name="prodname"/></variable>
  <variable id="Table of Contents">Índice</variable>
  <variable id="Index Continued String">continuação</variable>
  <variable id="Index See String">, Veja </variable>
  <variable id="Index See Also String">Veja também </variable>
  <variable id="Table of Contents Chapter">Capítulo <param ref-name="number"/>: </variable>
  <variable id="Table of Contents Appendix">Apêndice <param ref-name="number"/>: </variable>
  <variable id="Table of Contents Part">Número <param ref-name="number"/>: </variable>
  <variable id="Table of Contents Preface">Prefácio: </variable>
  <variable id="Preface title">Prefácio</variable>
  <variable id="Notices title">Notice</variable><!--TODO:Notices title-->
  <variable id="Mini Toc">Índice: </variable><!-- TODO: replace translation "Contents" with "Topics"-->
  <variable id="Notice">Notice</variable><!--TODO:Notice-->
  <variable id="Figure.title">Figura <param ref-name="number"/>: <param ref-name="title"/></variable>
  <variable id="Figure Number">Figura <param ref-name="number"/></variable>
  <variable id="Table.title">Tabela <param ref-name="number"/>: <param ref-name="title"/></variable>
  <variable id="Table Number">Tabela <param ref-name="number"/></variable>
  <variable id="Related Links">Informações relacionadas</variable>
  <variable id="Cross-Reference">Cross-Reference to:</variable><!--UNUSED-->
  <variable id="Content-Reference">Unresolved content reference to:</variable><!--UNUSED-->
  <variable id="List item">List item.</variable><!--TODO:List item-->
  <variable id="Foot note">Footnote.</variable><!--TODO:Footnote-->
  <variable id="Navigation title">Navigation title</variable><!--TODO:Navigation title-->
  <variable id="Search title">Search title</variable><!--TODO:Search title-->
  <variable id="Chapter with number">Capítulo <param ref-name="number"/></variable>
  <variable id="Appendix with number">Apêndice <param ref-name="number"/></variable>
  <variable id="Part with number">Número <param ref-name="number"/></variable>
  <variable id="Required-Cleanup">[Limpeza necessária]</variable>
  <variable id="On the page"> na página <param ref-name="pagenum"/></variable>
  <variable id="Page"> página <param ref-name="pagenum"/></variable>
  <variable id="This link"></variable><!--UNUSED-->
  <variable id="Child topics"></variable><!--UNUSED-->
  <variable id="Related references"></variable><!--UNUSED-->
  <variable id="Optional Step">Opcional:</variable>
  <variable id="Required Step">Necessário:</variable>
  <variable id="Task Prereq"></variable>
  <variable id="Task Context"></variable>
  <variable id="Task Steps"></variable>
  <variable id="#steps-unordered-label"></variable>
  <variable id="Task Result"></variable>
  <variable id="Task Example"></variable>
  <variable id="Task Postreq"></variable>
  <variable id="Glossary">Glossário</variable>
  <variable id="List of Tables">Tabelas</variable>
  <variable id="List of Figures">Figuras</variable>
</vars>
