<?xml version="1.0" encoding="UTF-8"?>
<!--  
This file is part of the DITA Open Toolkit project.

Copyright 2011 Jarno Elovirta

See the accompanying LICENSE file for applicable license.
-->
<vars xmlns="http://www.idiominc.com/opentopic/vars">
  <variable id="Preface odd header"><param ref-name="prodname"/> | <variable id="Preface title"/> | <param ref-name="pagenum"/></variable>
  <variable id="Preface even header"><param ref-name="pagenum"/> | <variable id="Preface title"/> | <param ref-name="prodname"/></variable>
  <variable id="Table of Contents">Cuprins</variable>
  <variable id="Index Continued String">continuare</variable>
  <variable id="Index See String">, Vezi </variable>
  <variable id="Index See Also String">Vezi și </variable>
  <variable id="Table of Contents Chapter">Cap. <param ref-name="number"/>. </variable>
  <variable id="Table of Contents Appendix">Anexa <param ref-name="number"/>. </variable>
  <variable id="Table of Contents Part">Parte <param ref-name="number"/>. </variable>
  <variable id="Table of Contents Preface">Prefață: </variable>
  <variable id="Preface title">Prefață</variable>
  <variable id="Notices title"><!--TODO:Notice--></variable>
  <variable id="Mini Toc"><!--TODO:Topics: --></variable>
  <variable id="Notice"><!--TODO:Notice--></variable>
  <variable id="Figure.title">Fig. <param ref-name="number"/>. <param ref-name="title"/></variable>
  <variable id="Figure Number">Fig. <param ref-name="number"/></variable>
  <variable id="Table.title">Tabel <param ref-name="number"/>. <param ref-name="title"/></variable>
  <variable id="Table Number">Tabel <param ref-name="number"/></variable>
  <variable id="Related Links"><!--TODO:Related Links--></variable>
  <variable id="Cross-Reference"/><!--UNUSED-->
  <variable id="Content-Reference"/><!--UNUSED-->
  <variable id="List item"><!--TODO:List item.--></variable>
  <variable id="Foot note"><!--TODO:Footnote.--></variable>
  <variable id="Navigation title"><!--TODO:Navigation title--></variable>
  <variable id="Search title"><!--TODO:Search title--></variable>
  <variable id="Chapter with number">Cap. <param ref-name="number"/></variable>
  <variable id="Appendix with number">Anexa <param ref-name="number"/></variable>
  <variable id="Part with number">Parte <param ref-name="number"/></variable>
  <variable id="Required-Cleanup"><!--TODO:[Required-Cleanup]--></variable>
  <variable id="On the page"/>
  <variable id="Page"><!--TODO: page <param ref-name="pagenum"/>--></variable>
  <variable id="This link"/><!--UNUSED-->
  <variable id="Child topics"/><!--UNUSED-->
  <variable id="Related references">Referinţe înrudite</variable><!--UNUSED-->
  <variable id="Optional Step">Opţional:</variable>
  <variable id="Required Step">Necesar:</variable>
  <variable id="Task Prereq"></variable>
  <variable id="Task Context"></variable>
  <variable id="Task Steps"></variable>
  <variable id="#steps-unordered-label"></variable>
  <variable id="Task Result"></variable>
  <variable id="Task Example"></variable>
  <variable id="Task Postreq"></variable>
  <variable id="Glossary">Glosar</variable>
  <variable id="List of Tables">Listă de tabele</variable>
  <variable id="List of Figures">Listă de figuri</variable>
</vars>
