<?xml version="1.0" encoding="UTF-8"?>
<!--   
This file is part of the DITA Open Toolkit project. 

Copyright 2006 IBM Corporation

See the accompanying LICENSE file for applicable license.
-->
<vars xmlns="http://www.idiominc.com/opentopic/vars">
  <variable id="Preface odd header"><param ref-name="prodname"/> | Predgovor | <param ref-name="pagenum"/></variable>
  <variable id="Preface even header"><param ref-name="pagenum"/> | Predgovor | <param ref-name="prodname"/></variable>
  <variable id="Table of Contents">Sadržaj</variable>
  <variable id="Index Continued String">nastavak</variable>
  <variable id="Index See String">, Vidi </variable>
  <variable id="Index See Also String">Vidi takođe </variable>
  <variable id="Table of Contents Chapter">Poglavlje <param ref-name="number"/>: </variable>
  <variable id="Table of Contents Appendix">Dodatak <param ref-name="number"/>: </variable>
  <variable id="Table of Contents Part">Dio <param ref-name="number"/>: </variable>
  <variable id="Table of Contents Preface">Predgovor: </variable>
  <variable id="Preface title">Predgovor</variable>
  <variable id="Notices title">Notice</variable><!--TODO:Notices title-->
  <variable id="Mini Toc">Sadržaj: </variable><!-- TODO: replace translation "Contents" with "Topics"-->
  <variable id="Notice">Notice</variable><!--TODO:Notice-->
  <variable id="Figure.title">Slika <param ref-name="number"/>: <param ref-name="title"/></variable>
  <variable id="Figure Number">Slika <param ref-name="number"/></variable>
  <variable id="Table.title">Tabela <param ref-name="number"/>: <param ref-name="title"/></variable>
  <variable id="Table Number">Tabela <param ref-name="number"/></variable>
  <variable id="Related Links">Srodne informacije</variable>
  <variable id="Cross-Reference">Cross-Reference to:</variable><!--UNUSED-->
  <variable id="Content-Reference">Unresolved content reference to:</variable><!--UNUSED-->
  <variable id="List item">List item.</variable><!--TODO:List item-->
  <variable id="Foot note">Footnote.</variable><!--TODO:Footnote-->
  <variable id="Navigation title">Navigation title</variable><!--TODO:Navigation title-->
  <variable id="Search title">Search title</variable><!--TODO:Search title-->
  <variable id="Chapter with number">Poglavlje <param ref-name="number"/></variable>
  <variable id="Appendix with number">Dodatak <param ref-name="number"/></variable>
  <variable id="Part with number">Dio <param ref-name="number"/></variable>
  <variable id="Required-Cleanup">[Potrebno čišćenje]</variable>
  <variable id="On the page"> on page <param ref-name="pagenum"/></variable>
  <variable id="Page"> page <param ref-name="pagenum"/></variable>
  <variable id="This link"></variable><!--UNUSED-->
  <variable id="Child topics"></variable><!--UNUSED-->
  <variable id="Related references"></variable><!--UNUSED-->
  <variable id="Optional Step">Opcionalno:</variable>
  <variable id="Required Step">Potrebno:</variable>
  <variable id="Task Prereq"></variable>
  <variable id="Task Context"></variable>
  <variable id="Task Steps"></variable>
  <variable id="#steps-unordered-label"></variable>
  <variable id="Task Result"></variable>
  <variable id="Task Example"></variable>
  <variable id="Task Postreq"></variable>
  <variable id="Glossary">Riječnik</variable>
  <variable id="List of Tables">Tabele</variable>
  <variable id="List of Figures">Slike</variable>
</vars>