<?xml version="1.0" encoding="UTF-8"?>
<!--   
This file is part of the DITA Open Toolkit project. 

Copyright 2006 IBM Corporation

See the accompanying LICENSE file for applicable license.
-->
<vars xmlns="http://www.idiominc.com/opentopic/vars">
  <variable id="Preface odd header"><param ref-name="prodname"/> | คำนำ | <param ref-name="pagenum"/></variable>
  <variable id="Preface even header"><param ref-name="pagenum"/> | คำนำ | <param ref-name="prodname"/></variable>
  <variable id="Table of Contents">สารบัญ</variable>
  <variable id="Index Continued String">ต่อ</variable>
  <variable id="Index See String">, ดู </variable>
  <variable id="Index See Also String">ดูเพิ่มที่ </variable>
  <variable id="Table of Contents Chapter">บทที่ <param ref-name="number"/>: </variable>
  <variable id="Table of Contents Appendix">ภาคผนวก <param ref-name="number"/>: </variable>
  <variable id="Table of Contents Part">ชิ้นส่วน <param ref-name="number"/>: </variable>
  <variable id="Table of Contents Preface">คำนำ: </variable>
  <variable id="Preface title">คำนำ</variable>
  <variable id="Notices title">Notice</variable><!--TODO:Notices title-->
  <variable id="Mini Toc">สารบัญ: </variable><!-- TODO: replace translation "Contents" with "Topics"-->
  <variable id="Notice">Notice</variable><!--TODO:Notice-->
  <variable id="Figure.title">รูปที่ <param ref-name="number"/>: <param ref-name="title"/></variable>
  <variable id="Figure Number">รูปที่ <param ref-name="number"/></variable>
  <variable id="Table.title">ตารางที่ <param ref-name="number"/>: <param ref-name="title"/></variable>
  <variable id="Table Number">ตารางที่ <param ref-name="number"/></variable>
  <variable id="Related Links">ข้อมูลที่เกี่ยวข้อง</variable>
  <variable id="Cross-Reference">Cross-Reference to:</variable><!--UNUSED-->
  <variable id="Content-Reference">Unresolved content reference to:</variable><!--UNUSED-->
  <variable id="List item">List item.</variable><!--TODO:List item-->
  <variable id="Foot note">Footnote.</variable><!--TODO:Footnote-->
  <variable id="Navigation title">Navigation title</variable><!--TODO:Navigation title-->
  <variable id="Search title">Search title</variable><!--TODO:Search title-->
  <variable id="Chapter with number">บทที่ <param ref-name="number"/></variable>
  <variable id="Appendix with number">ภาคผนวก <param ref-name="number"/></variable>
  <variable id="Part with number">ชิ้นส่วน <param ref-name="number"/></variable>
  <variable id="Required-Cleanup">[การแก้ไขที่ต้องการ]</variable>
  <variable id="On the page"> ในหน้า <param ref-name="pagenum"/></variable>
  <variable id="Page"> หน้า <param ref-name="pagenum"/></variable>
  <variable id="This link"></variable><!--UNUSED-->
  <variable id="Child topics"></variable><!--UNUSED-->
  <variable id="Related references"></variable><!--UNUSED-->
  <variable id="Optional Step">ทางเลือก:</variable>
  <variable id="Required Step">บังคับ:</variable>
  <variable id="Task Prereq"></variable>
  <variable id="Task Context"></variable>
  <variable id="Task Steps"></variable>
  <variable id="#steps-unordered-label"></variable>
  <variable id="Task Result"></variable>
  <variable id="Task Example"></variable>
  <variable id="Task Postreq"></variable>
  <variable id="Glossary">รายการคำศัพท์</variable>
  <variable id="List of Tables">ตาราง</variable>
  <variable id="List of Figures">รูป</variable>
</vars>
