<?xml version="1.0" encoding="UTF-8"?>
<!--   
This file is part of the DITA Open Toolkit project. 

Copyright 2006 IBM Corporation

See the accompanying LICENSE file for applicable license.
-->
<vars xmlns="http://www.idiominc.com/opentopic/vars">
  <variable id="Preface odd header"><param ref-name="prodname"/> | Lời nói đầu | <param ref-name="pagenum"/></variable>
  <variable id="Preface even header"><param ref-name="pagenum"/> | Lời nói đầu | <param ref-name="prodname"/></variable>
  <variable id="Table of Contents">Nội dung</variable>
  <variable id="Index Continued String">tiếp tục</variable>
  <variable id="Index See String">, xem </variable>
  <variable id="Index See Also String">Xem thêm </variable>
  <variable id="Table of Contents Chapter">Chương <param ref-name="number"/>: </variable>
  <variable id="Table of Contents Appendix">Phụ lục <param ref-name="number"/>: </variable>
  <variable id="Table of Contents Part">Bộ phận <param ref-name="number"/>: </variable>
  <variable id="Table of Contents Preface">Lời nói đầu: </variable>
  <variable id="Preface title">Lời nói đầu</variable>
  <variable id="Notices title">Notice</variable><!--TODO:Notices title-->
  <variable id="Mini Toc">Nội dung: </variable><!-- TODO: replace translation "Contents" with "Topics"-->
  <variable id="Notice">Notice</variable><!--TODO:Notice-->
  <variable id="Figure.title">Hình <param ref-name="number"/>: <param ref-name="title"/></variable>
  <variable id="Figure Number">Hình <param ref-name="number"/></variable>
  <variable id="Table.title">Bảng <param ref-name="number"/>: <param ref-name="title"/></variable>
  <variable id="Table Number">Bảng <param ref-name="number"/></variable>
  <variable id="Related Links">Thông tin liên quan</variable>
  <variable id="Cross-Reference">Cross-Reference to:</variable><!--UNUSED-->
  <variable id="Content-Reference">Unresolved content reference to:</variable><!--UNUSED-->
  <variable id="List item">List item.</variable><!--TODO:List item-->
  <variable id="Foot note">Footnote.</variable><!--TODO:Footnote-->
  <variable id="Navigation title">Navigation title</variable><!--TODO:Navigation title-->
  <variable id="Search title">Search title</variable><!--TODO:Search title-->
  <variable id="Chapter with number">Chương <param ref-name="number"/></variable>
  <variable id="Appendix with number">Phụ lục <param ref-name="number"/></variable>
  <variable id="Part with number">Bộ phận <param ref-name="number"/></variable>
  <variable id="Required-Cleanup">[Yêu cầu dọn dẹp]</variable>
  <variable id="On the page"> trên trang <param ref-name="pagenum"/></variable>
  <variable id="Page"> Trang <param ref-name="pagenum"/></variable>
  <variable id="This link"></variable><!--UNUSED-->
  <variable id="Child topics"></variable><!--UNUSED-->
  <variable id="Related references"></variable><!--UNUSED-->
  <variable id="Optional Step">Tùy chọn:</variable>
  <variable id="Required Step">Yêu cầu:</variable>
  <variable id="Task Prereq"></variable>
  <variable id="Task Context"></variable>
  <variable id="Task Steps"></variable>
  <variable id="#steps-unordered-label"></variable>
  <variable id="Task Result"></variable>
  <variable id="Task Example"></variable>
  <variable id="Task Postreq"></variable>
  <variable id="Glossary">Thuật ngữ</variable>
  <variable id="List of Tables">Các bảng</variable>
  <variable id="List of Figures">Hình</variable>
</vars>
