<?xml version="1.0" encoding="UTF-8"?>
<!--   
This file is part of the DITA Open Toolkit project. 

Copyright 2006 IBM Corporation

See the accompanying LICENSE file for applicable license.
-->
<vars xmlns="http://www.idiominc.com/opentopic/vars">
  <variable id="Preface odd header"><param ref-name="prodname"/> | 前言 | <param ref-name="pagenum"/></variable>
  <variable id="Preface even header"><param ref-name="pagenum"/> | 前言 | <param ref-name="prodname"/></variable>
  <variable id="Table of Contents">目錄</variable>
  <variable id="Index Continued String">繼續</variable>
  <variable id="Index See String">, 請參閱 </variable>
  <variable id="Index See Also String">請亦參閱 </variable>
  <variable id="Table of Contents Chapter">第 <param ref-name="number"/> 章 </variable>
  <variable id="Table of Contents Appendix">附錄 <param ref-name="number"/>: </variable>
  <variable id="Table of Contents Part">第 <param ref-name="number"/> 篇 </variable>
  <variable id="Table of Contents Preface">前言: </variable>
  <variable id="Preface title">前言</variable>
  <variable id="Notices title">Notice</variable><!--TODO:Notices title-->
  <variable id="Mini Toc">目錄: </variable><!-- TODO: replace translation "Contents" with "Topics"-->
  <variable id="Notice">Notice</variable><!--TODO:Notice-->
  <variable id="Figure.title">圖 <param ref-name="number"/>: <param ref-name="title"/></variable>
  <variable id="Figure Number">圖 <param ref-name="number"/></variable>
  <variable id="Table.title">表 <param ref-name="number"/>: <param ref-name="title"/></variable>
  <variable id="Table Number">表 <param ref-name="number"/></variable>
  <variable id="Related Links">相關資訊</variable>
  <variable id="Cross-Reference">Cross-Reference to:</variable><!--UNUSED-->
  <variable id="Content-Reference">Unresolved content reference to:</variable><!--UNUSED-->
  <variable id="List item">List item.</variable><!--TODO:List item-->
  <variable id="Foot note">Footnote.</variable><!--TODO:Footnote-->
  <variable id="Navigation title">Navigation title</variable><!--TODO:Navigation title-->
  <variable id="Search title">Search title</variable><!--TODO:Search title-->
  <variable id="Chapter with number">第 <param ref-name="number"/> 章 </variable>
  <variable id="Appendix with number">附錄 <param ref-name="number"/></variable>
  <variable id="Part with number">第 <param ref-name="number"/> 篇 </variable>
  <variable id="Required-Cleanup">[必要修正]</variable>
  <variable id="On the page"> 頁 <param ref-name="pagenum"/></variable>
  <variable id="Page"> 頁 <param ref-name="pagenum"/></variable>
  <variable id="This link"></variable><!--UNUSED-->
  <variable id="Child topics"></variable><!--UNUSED-->
  <variable id="Related references"></variable><!--UNUSED-->
  <variable id="Optional Step">選擇性的:</variable>
  <variable id="Required Step">必要性的:</variable>
  <variable id="Task Prereq"></variable>
  <variable id="Task Context"></variable>
  <variable id="Task Steps"></variable>
  <variable id="#steps-unordered-label"></variable>
  <variable id="Task Result"></variable>
  <variable id="Task Example"></variable>
  <variable id="Task Postreq"></variable>
  <variable id="Glossary">名詞解釋</variable>
  <variable id="List of Tables">表</variable>
  <variable id="List of Figures">圖</variable>
</vars>
