<?xml version="1.0" encoding="UTF-8"?>
<!--
This file is part of the DITA Open Toolkit project.

Copyright 2006 IBM Corporation

See the accompanying LICENSE file for applicable license.
-->
<index.configuration.set>
    <index.configuration>
        <language>ar</language>
        <index.groups>
            <index.group>
                <group.key>Specials</group.key>
                <group.label>الحروف الخاصة</group.label>
                <group.members>
                    <char.set>\</char.set>
                    <char.set>`</char.set>
                    <char.set>~</char.set>
                    <char.set>!</char.set>
                    <char.set>@</char.set>
                    <char.set>#</char.set>
                    <char.set>$</char.set>
                    <char.set>%</char.set>
                    <char.set>^</char.set>
                    <char.set>&amp;</char.set>
                    <char.set>*</char.set>
                    <char.set>(</char.set>
                    <char.set>)</char.set>
                    <char.set>_</char.set>
                    <char.set>-</char.set>
                    <char.set>=</char.set>
                    <char.set>+</char.set>
                    <char.set>'</char.set>
                    <char.set>"</char.set>
                    <char.set>;</char.set>
                    <char.set>:</char.set>
                    <char.set>&lt;</char.set>
                    <char.set>&gt;</char.set>
                    <char.set>.</char.set>
                    <char.set>,</char.set>
                    <char.set>/</char.set>
                    <char.set>?</char.set>
                    <char.set>[</char.set>
                    <char.set>]</char.set>
                    <char.set>{</char.set>
                    <char.set>}</char.set>
                    <char.set>|</char.set>
                </group.members>
            </index.group>
            <index.group>
                <group.key>Numbers</group.key>
                <group.label>أرقام</group.label>
                <group.members>
                    <char.set>0</char.set>
                    <char.set>０</char.set>
                    <char.set>1</char.set>
                    <char.set>１</char.set>
                    <char.set>2</char.set>
                    <char.set>２</char.set>
                    <char.set>3</char.set>
                    <char.set>３</char.set>
                    <char.set>4</char.set>
                    <char.set>４</char.set>
                    <char.set>5</char.set>
                    <char.set>５</char.set>
                    <char.set>6</char.set>
                    <char.set>６</char.set>
                    <char.set>7</char.set>
                    <char.set>７</char.set>
                    <char.set>8</char.set>
                    <char.set>８</char.set>
                    <char.set>9</char.set>
                    <char.set>９</char.set>
                </group.members>
            </index.group>
            <index.group>
                <group.key>A</group.key>
                <group.label>A</group.label>
                <group.members>
                    <char.set>A</char.set>
                    <char.set>a</char.set>
                </group.members>
            </index.group>
            <index.group>
                <group.key>B</group.key>
                <group.label>B</group.label>
                <group.members>
                    <char.set>B</char.set>
                    <char.set>b</char.set>
                </group.members>
            </index.group>
            <index.group>
                <group.key>C</group.key>
                <group.label>C</group.label>
                <group.members>
                    <char.set>C</char.set>
                    <char.set>c</char.set>
                </group.members>
            </index.group>
            <index.group>
                <group.key>D</group.key>
                <group.label>D</group.label>
                <group.members>
                    <char.set>D</char.set>
                    <char.set>d</char.set>
                </group.members>
            </index.group>
            <index.group>
                <group.key>E</group.key>
                <group.label>E</group.label>
                <group.members>
                    <char.set>E</char.set>
                    <char.set>e</char.set>
                </group.members>
            </index.group>
            <index.group>
                <group.key>F</group.key>
                <group.label>F</group.label>
                <group.members>
                    <char.set>F</char.set>
                    <char.set>f</char.set>
                </group.members>
            </index.group>
            <index.group>
                <group.key>G</group.key>
                <group.label>G</group.label>
                <group.members>
                    <char.set>G</char.set>
                    <char.set>g</char.set>
                </group.members>
            </index.group>
            <index.group>
                <group.key>H</group.key>
                <group.label>H</group.label>
                <group.members>
                    <char.set>H</char.set>
                    <char.set>h</char.set>
                </group.members>
            </index.group>
            <index.group>
                <group.key>I</group.key>
                <group.label>I</group.label>
                <group.members>
                    <char.set>I</char.set>
                    <char.set>i</char.set>
                </group.members>
            </index.group>
            <index.group>
                <group.key>J</group.key>
                <group.label>J</group.label>
                <group.members>
                    <char.set>J</char.set>
                    <char.set>j</char.set>
                </group.members>
            </index.group>
            <index.group>
                <group.key>K</group.key>
                <group.label>K</group.label>
                <group.members>
                    <char.set>K</char.set>
                    <char.set>k</char.set>
                </group.members>
            </index.group>
            <index.group>
                <group.key>L</group.key>
                <group.label>L</group.label>
                <group.members>
                    <char.set>L</char.set>
                    <char.set>l</char.set>
                </group.members>
            </index.group>
            <index.group>
                <group.key>M</group.key>
                <group.label>M</group.label>
                <group.members>
                    <char.set>M</char.set>
                    <char.set>m</char.set>
                </group.members>
            </index.group>
            <index.group>
                <group.key>N</group.key>
                <group.label>N</group.label>
                <group.members>
                    <char.set>N</char.set>
                    <char.set>n</char.set>
                </group.members>
            </index.group>
            <index.group>
                <group.key>O</group.key>
                <group.label>O</group.label>
                <group.members>
                    <char.set>O</char.set>
                    <char.set>o</char.set>
                </group.members>
            </index.group>
            <index.group>
                <group.key>P</group.key>
                <group.label>P</group.label>
                <group.members>
                    <char.set>P</char.set>
                    <char.set>p</char.set>
                </group.members>
            </index.group>
            <index.group>
                <group.key>Q</group.key>
                <group.label>Q</group.label>
                <group.members>
                    <char.set>Q</char.set>
                    <char.set>q</char.set>
                </group.members>
            </index.group>
            <index.group>
                <group.key>R</group.key>
                <group.label>R</group.label>
                <group.members>
                    <char.set>R</char.set>
                    <char.set>r</char.set>
                </group.members>
            </index.group>
            <index.group>
                <group.key>S</group.key>
                <group.label>S</group.label>
                <group.members>
                    <char.set>S</char.set>
                    <char.set>s</char.set>
                </group.members>
            </index.group>
            <index.group>
                <group.key>T</group.key>
                <group.label>T</group.label>
                <group.members>
                    <char.set>T</char.set>
                    <char.set>t</char.set>
                </group.members>
            </index.group>
            <index.group>
                <group.key>U</group.key>
                <group.label>U</group.label>
                <group.members>
                    <char.set>U</char.set>
                    <char.set>u</char.set>
                </group.members>
            </index.group>
            <index.group>
                <group.key>V</group.key>
                <group.label>V</group.label>
                <group.members>
                    <char.set>V</char.set>
                    <char.set>v</char.set>
                </group.members>
            </index.group>
            <index.group>
                <group.key>W</group.key>
                <group.label>W</group.label>
                <group.members>
                    <char.set>W</char.set>
                    <char.set>w</char.set>
                </group.members>
            </index.group>
            <index.group>
                <group.key>X</group.key>
                <group.label>X</group.label>
                <group.members>
                    <char.set>X</char.set>
                    <char.set>x</char.set>
                </group.members>
            </index.group>
            <index.group>
                <group.key>Y</group.key>
                <group.label>Y</group.label>
                <group.members>
                    <char.set>Y</char.set>
                    <char.set>y</char.set>
                </group.members>
            </index.group>
            <index.group>
                <group.key>Z</group.key>
                <group.label>Z</group.label>
                <group.members>
                    <char.set>Z</char.set>
                    <char.set>z</char.set>
                </group.members>
            </index.group>
            <index.group>
                <group.key>alef</group.key>
                <group.label>ا</group.label>
                <group.members>
                    <char.set>ا</char.set>
                    <char.set>آ</char.set>
                    <char.set>أ</char.set>
                    <char.set>إ</char.set>
                    <char.set>ى</char.set>
                </group.members>
            </index.group>
            <index.group>
                <group.key>beh</group.key>
                <group.label>ب</group.label>
                <group.members>
                    <char.set>ب</char.set>
                </group.members>
            </index.group>
            <index.group>
                <group.key>teh</group.key>
                <group.label>ت</group.label>
                <group.members>
                    <char.set>ت</char.set>
                </group.members>
            </index.group>
            <index.group>
                <group.key>theh</group.key>
                <group.label>ث</group.label>
                <group.members>
                    <char.set>ث</char.set>
                </group.members>
            </index.group>
            <index.group>
                <group.key>jeem</group.key>
                <group.label>ج</group.label>
                <group.members>
                    <char.set>ج</char.set>
                </group.members>
            </index.group>
            <index.group>
                <group.key>hah</group.key>
                <group.label>ح</group.label>
                <group.members>
                    <char.set>ح</char.set>
                </group.members>
            </index.group>
            <index.group>
                <group.key>khah</group.key>
                <group.label>خ</group.label>
                <group.members>
                    <char.set>خ</char.set>
                </group.members>
            </index.group>
            <index.group>
                <group.key>dal</group.key>
                <group.label>د</group.label>
                <group.members>
                    <char.set>د</char.set>
                </group.members>
            </index.group>
            <index.group>
                <group.key>dhal</group.key>
                <group.label>ذ</group.label>
                <group.members>
                    <char.set>ذ</char.set>
                </group.members>
            </index.group>
            <index.group>
                <group.key>reh</group.key>
                <group.label>ر</group.label>
                <group.members>
                    <char.set>ر</char.set>
                </group.members>
            </index.group>
            <index.group>
                <group.key>zain</group.key>
                <group.label>ز</group.label>
                <group.members>
                    <char.set>ز</char.set>
                </group.members>
            </index.group>
            <index.group>
                <group.key>seen</group.key>
                <group.label>س</group.label>
                <group.members>
                    <char.set>س</char.set>
                </group.members>
            </index.group>
            <index.group>
                <group.key>sheen</group.key>
                <group.label>ش</group.label>
                <group.members>
                    <char.set>ش</char.set>
                </group.members>
            </index.group>
            <index.group>
                <group.key>sad</group.key>
                <group.label>ص</group.label>
                <group.members>
                    <char.set>ص</char.set>
                </group.members>
            </index.group>
            <index.group>
                <group.key>dad</group.key>
                <group.label>ض</group.label>
                <group.members>
                    <char.set>ض</char.set>
                </group.members>
            </index.group>
            <index.group>
                <group.key>tah</group.key>
                <group.label>ط</group.label>
                <group.members>
                    <char.set>ط</char.set>
                </group.members>
            </index.group>
            <index.group>
                <group.key>zah</group.key>
                <group.label>ظ</group.label>
                <group.members>
                    <char.set>ظ</char.set>
                </group.members>
            </index.group>
            <index.group>
                <group.key>ain</group.key>
                <group.label>ع</group.label>
                <group.members>
                    <char.set>ع</char.set>
                </group.members>
            </index.group>
            <index.group>
                <group.key>ghain</group.key>
                <group.label>غ</group.label>
                <group.members>
                    <char.set>غ</char.set>
                </group.members>
            </index.group>
            <index.group>
                <group.key>feh</group.key>
                <group.label>ف</group.label>
                <group.members>
                    <char.set>ف</char.set>
                </group.members>
            </index.group>
            <index.group>
                <group.key>qaf</group.key>
                <group.label>ق</group.label>
                <group.members>
                    <char.set>ق</char.set>
                </group.members>
            </index.group>
            <index.group>
                <group.key>kaf</group.key>
                <group.label>ك</group.label>
                <group.members>
                    <char.set>ك</char.set>
                </group.members>
            </index.group>
            <index.group>
                <group.key>lam</group.key>
                <group.label>ل</group.label>
                <group.members>
                    <char.set>ل</char.set>
                </group.members>
            </index.group>
            <index.group>
                <group.key>meem</group.key>
                <group.label>م</group.label>
                <group.members>
                    <char.set>م</char.set>
                </group.members>
            </index.group>
            <index.group>
                <group.key>noon</group.key>
                <group.label>ن</group.label>
                <group.members>
                    <char.set>ن</char.set>
                </group.members>
            </index.group>
            <index.group>
                <group.key>heh</group.key>
                <group.label>ه</group.label>
                <group.members>
                    <char.set>ه</char.set>
                </group.members>
            </index.group>
            <index.group>
                <group.key>waw</group.key>
                <group.label>و</group.label>
                <group.members>
                    <char.set>و</char.set>
                    <char.set>ؤ</char.set>
                </group.members>
            </index.group>
            <index.group>
                <group.key>yeh</group.key>
                <group.label>ي</group.label>
                <group.members>
                    <char.set>ي</char.set>
                    <char.set>ئ</char.set>
                </group.members>
            </index.group>
        </index.groups>
    </index.configuration>
</index.configuration.set>
