<?xml version="1.0" encoding="UTF-8" standalone="yes"?>

<!-- 
Copyright © 2004-2006 by Idiom Technologies, Inc. All rights reserved. 
IDIOM is a registered trademark of Idiom Technologies, Inc. and WORLDSERVER
and WORLDSTART are trademarks of Idiom Technologies, Inc. All other 
trademarks are the property of their respective owners. 

IDIOM TECHNOLOGIES, INC. IS DELIVERING THE SOFTWARE "AS IS," WITH 
ABSOLUTELY NO WARRANTIES WHATSOEVER, WHETHER EXPRESS OR IMPLIED,  AND IDIOM
TECHNOLOGIES, INC. DISCLAIMS ALL WARRANTIES, EXPRESS OR IMPLIED, INCLUDING
BUT NOT LIMITED TO WARRANTIES OF MERCHANTABILITY AND FITNESS FOR A PARTICULAR 
PURPOSE AND WARRANTY OF NON-INFRINGEMENT. IDIOM TECHNOLOGIES, INC. SHALL NOT
BE LIABLE FOR INDIRECT, INCIDENTAL, SPECIAL, COVER, PUNITIVE, EXEMPLARY,
RELIANCE, OR CONSEQUENTIAL DAMAGES (INCLUDING BUT NOT LIMITED TO LOSS OF 
ANTICIPATED PROFIT), ARISING FROM ANY CAUSE UNDER OR RELATED TO  OR ARISING 
OUT OF THE USE OF OR INABILITY TO USE THE SOFTWARE, EVEN IF IDIOM
TECHNOLOGIES, INC. HAS BEEN ADVISED OF THE POSSIBILITY OF SUCH DAMAGES. 

Idiom Technologies, Inc. and its licensors shall not be liable for any
damages suffered by any person as a result of using and/or modifying the
Software or its derivatives. In no event shall Idiom Technologies, Inc.'s
liability for any damages hereunder exceed the amounts received by Idiom
Technologies, Inc. as a result of this transaction.

These terms and conditions supersede the terms and conditions in any
licensing agreement to the extent that such terms and conditions conflict
with those set forth herein.

This file is part of the DITA Open Toolkit project. 
See the accompanying LICENSE file for applicable license.
-->

<index.configuration.set>
<index.configuration>
<language>fr</language>
<index.groups>
<index.group>
<group.key>Specials</group.key>
<group.label>Caractères spéciaux</group.label>
<group.members>
<char.set>\</char.set>
<char.set>`</char.set>
<char.set>~</char.set>
<char.set>!</char.set>
<char.set>@</char.set>
<char.set>#</char.set>
<char.set>$</char.set>
<char.set>%</char.set>
<char.set>^</char.set>
<char.set>&amp;</char.set>
<char.set>*</char.set>
<char.set>(</char.set>
<char.set>)</char.set>
<char.set>_</char.set>
<char.set>-</char.set>
<char.set>=</char.set>
<char.set>+</char.set>
<char.set>'</char.set>
<char.set>"</char.set>
<char.set>;</char.set>
<char.set>:</char.set>
<char.set>&lt;</char.set>
<char.set>&gt;</char.set>
<char.set>.</char.set>
<char.set>/</char.set>
<char.set>?</char.set>
<char.set>[</char.set>
<char.set>]</char.set>
<char.set>{</char.set>
<char.set>}</char.set>
<char.set>|</char.set>
</group.members>
</index.group>
<index.group>
<group.key>Numbers</group.key>
<group.label>Nombres</group.label>
<group.members>
<char.set>0</char.set>
<char.set>０</char.set>
<char.set>1</char.set>
<char.set>１</char.set>
<char.set>2</char.set>
<char.set>２</char.set>
<char.set>3</char.set>
<char.set>３</char.set>
<char.set>4</char.set>
<char.set>４</char.set>
<char.set>5</char.set>
<char.set>５</char.set>
<char.set>6</char.set>
<char.set>６</char.set>
<char.set>7</char.set>
<char.set>７</char.set>
<char.set>8</char.set>
<char.set>８</char.set>
<char.set>9</char.set>
<char.set>９</char.set>
</group.members>
</index.group>
<index.group>
<group.key>A</group.key>
<group.label>A</group.label>
<group.members>
<char.set>A</char.set>
<char.set>a</char.set>
<char.set>à</char.set>
<char.set>â</char.set>
<char.set>ä</char.set>
</group.members>
</index.group>
<index.group>
<group.key>B</group.key>
<group.label>B</group.label>
<group.members>
<char.set>B</char.set>
<char.set>b</char.set>
</group.members>
</index.group>
<index.group>
<group.key>C</group.key>
<group.label>C</group.label>
<group.members>
<char.set>C</char.set>
<char.set>c</char.set>
<char.set>ç</char.set>
</group.members>
</index.group>
<index.group>
<group.key>D</group.key>
<group.label>D</group.label>
<group.members>
<char.set>D</char.set>
<char.set>d</char.set>
</group.members>
</index.group>
<index.group>
<group.key>E</group.key>
<group.label>E</group.label>
<group.members>
<char.set>E</char.set>
<char.set>e</char.set>
<char.set>é</char.set>
<char.set>è</char.set>
<char.set>ê</char.set>
<char.set>ë</char.set>
</group.members>
</index.group>
<index.group>
<group.key>F</group.key>
<group.label>F</group.label>
<group.members>
<char.set>F</char.set>
<char.set>f</char.set>
</group.members>
</index.group>
<index.group>
<group.key>G</group.key>
<group.label>G</group.label>
<group.members>
<char.set>G</char.set>
<char.set>g</char.set>
</group.members>
</index.group>
<index.group>
<group.key>H</group.key>
<group.label>H</group.label>
<group.members>
<char.set>H</char.set>
<char.set>h</char.set>
</group.members>
</index.group>
<index.group>
<group.key>I</group.key>
<group.label>I</group.label>
<group.members>
<char.set>I</char.set>
<char.set>i</char.set>
<char.set>î</char.set>
<char.set>ï</char.set>
</group.members>
</index.group>
<index.group>
<group.key>J</group.key>
<group.label>J</group.label>
<group.members>
<char.set>J</char.set>
<char.set>j</char.set>
</group.members>
</index.group>
<index.group>
<group.key>K</group.key>
<group.label>K</group.label>
<group.members>
<char.set>K</char.set>
<char.set>k</char.set>
</group.members>
</index.group>
<index.group>
<group.key>L</group.key>
<group.label>L</group.label>
<group.members>
<char.set>L</char.set>
<char.set>l</char.set>
</group.members>
</index.group>
<index.group>
<group.key>M</group.key>
<group.label>M</group.label>
<group.members>
<char.set>M</char.set>
<char.set>m</char.set>
</group.members>
</index.group>
<index.group>
<group.key>N</group.key>
<group.label>N</group.label>
<group.members>
<char.set>N</char.set>
<char.set>n</char.set>
</group.members>
</index.group>
<index.group>
<group.key>O</group.key>
<group.label>O</group.label>
<group.members>
<char.set>O</char.set>
<char.set>o</char.set>
<char.set>ô</char.set>
<char.set>ö</char.set>
</group.members>
</index.group>
<index.group>
<group.key>P</group.key>
<group.label>P</group.label>
<group.members>
<char.set>P</char.set>
<char.set>p</char.set>
</group.members>
</index.group>
<index.group>
<group.key>Q</group.key>
<group.label>Q</group.label>
<group.members>
<char.set>Q</char.set>
<char.set>q</char.set>
</group.members>
</index.group>
<index.group>
<group.key>R</group.key>
<group.label>R</group.label>
<group.members>
<char.set>R</char.set>
<char.set>r</char.set>
</group.members>
</index.group>
<index.group>
<group.key>S</group.key>
<group.label>S</group.label>
<group.members>
<char.set>S</char.set>
<char.set>s</char.set>
</group.members>
</index.group>
<index.group>
<group.key>T</group.key>
<group.label>T</group.label>
<group.members>
<char.set>T</char.set>
<char.set>t</char.set>
</group.members>
</index.group>
<index.group>
<group.key>U</group.key>
<group.label>U</group.label>
<group.members>
<char.set>U</char.set>
<char.set>u</char.set>
<char.set>û</char.set>
<char.set>ü</char.set>
</group.members>
</index.group>
<index.group>
<group.key>V</group.key>
<group.label>V</group.label>
<group.members>
<char.set>V</char.set>
<char.set>v</char.set>
</group.members>
</index.group>
<index.group>
<group.key>W</group.key>
<group.label>W</group.label>
<group.members>
<char.set>W</char.set>
<char.set>w</char.set>
</group.members>
</index.group>
<index.group>
<group.key>X</group.key>
<group.label>X</group.label>
<group.members>
<char.set>X</char.set>
<char.set>x</char.set>
</group.members>
</index.group>
<index.group>
<group.key>Y</group.key>
<group.label>Y</group.label>
<group.members>
<char.set>Y</char.set>
<char.set>y</char.set>
</group.members>
</index.group>
<index.group>
<group.key>Z</group.key>
<group.label>Z</group.label>
<group.members>
<char.set>Z</char.set>
<char.set>z</char.set>
</group.members>
</index.group>
</index.groups>
</index.configuration>
</index.configuration.set>
