<?xml version="1.0"?>
<!-- 
This file is part of the DITA Open Toolkit project.

Copyright 2006 IBM Corporation

See the accompanying LICENSE file for applicable license.
-->

<index.configuration.set>
    <index.configuration>
        <language>hi</language>
        <index.groups>
            <index.group>
                <group.key>Specials</group.key>
                <group.label>विशेष वर्ण</group.label>
                <group.members>
                    <char.set>\</char.set>
                    <char.set>`</char.set>
                    <char.set>~</char.set>
                    <char.set>!</char.set>
                    <char.set>@</char.set>
                    <char.set>#</char.set>
                    <char.set>$</char.set>
                    <char.set>%</char.set>
                    <char.set>^</char.set>
                    <char.set>&amp;</char.set>
                    <char.set>*</char.set>
                    <char.set>(</char.set>
                    <char.set>)</char.set>
                    <char.set>_</char.set>
                    <char.set>-</char.set>
                    <char.set>=</char.set>
                    <char.set>+</char.set>
                    <char.set>'</char.set>
                    <char.set>"</char.set>
                    <char.set>;</char.set>
                    <char.set>:</char.set>
                    <char.set>&lt;</char.set>
                    <char.set>&gt;</char.set>
                    <char.set>.</char.set>
                    <char.set>,</char.set>
                    <char.set>/</char.set>
                    <char.set>?</char.set>
                    <char.set>[</char.set>
                    <char.set>]</char.set>
                    <char.set>{</char.set>
                    <char.set>}</char.set>
                    <char.set>|</char.set>
                </group.members>
            </index.group>
            <index.group>
                <group.key>Numbers</group.key>
                <group.label>संख्या</group.label>
                <group.members>
                    <char.set>0</char.set>
                    <char.set>０</char.set>
                    <char.set>1</char.set>
                    <char.set>１</char.set>
                    <char.set>2</char.set>
                    <char.set>２</char.set>
                    <char.set>3</char.set>
                    <char.set>３</char.set>
                    <char.set>4</char.set>
                    <char.set>４</char.set>
                    <char.set>5</char.set>
                    <char.set>５</char.set>
                    <char.set>6</char.set>
                    <char.set>６</char.set>
                    <char.set>7</char.set>
                    <char.set>７</char.set>
                    <char.set>8</char.set>
                    <char.set>８</char.set>
                    <char.set>9</char.set>
                    <char.set>９</char.set>
                    <!-- Devanagari 0 thru 9 -->
                    <char.set>०</char.set>
                    <char.set>१</char.set>
                    <char.set>२</char.set>
                    <char.set>३</char.set>
                    <char.set>४</char.set>
                    <char.set>५</char.set>
                    <char.set>६</char.set>
                    <char.set>७</char.set>
                    <char.set>८</char.set>
                    <char.set>९</char.set>
                </group.members>
            </index.group>
            <index.group>
                <group.key>A</group.key>
                <group.label>A</group.label>
                <group.members>
                    <char.set>A</char.set>
                    <char.set>a</char.set>
                </group.members>
            </index.group>
            <index.group>
                <group.key>B</group.key>
                <group.label>B</group.label>
                <group.members>
                    <char.set>B</char.set>
                    <char.set>b</char.set>
                </group.members>
            </index.group>
            <index.group>
                <group.key>C</group.key>
                <group.label>C</group.label>
                <group.members>
                    <char.set>C</char.set>
                    <char.set>c</char.set>
                </group.members>
            </index.group>
            <index.group>
                <group.key>D</group.key>
                <group.label>D</group.label>
                <group.members>
                    <char.set>D</char.set>
                    <char.set>d</char.set>
                </group.members>
            </index.group>
            <index.group>
                <group.key>E</group.key>
                <group.label>E</group.label>
                <group.members>
                    <char.set>E</char.set>
                    <char.set>e</char.set>
                </group.members>
            </index.group>
            <index.group>
                <group.key>F</group.key>
                <group.label>F</group.label>
                <group.members>
                    <char.set>F</char.set>
                    <char.set>f</char.set>
                </group.members>
            </index.group>
            <index.group>
                <group.key>G</group.key>
                <group.label>G</group.label>
                <group.members>
                    <char.set>G</char.set>
                    <char.set>g</char.set>
                </group.members>
            </index.group>
            <index.group>
                <group.key>H</group.key>
                <group.label>H</group.label>
                <group.members>
                    <char.set>H</char.set>
                    <char.set>h</char.set>
                </group.members>
            </index.group>
            <index.group>
                <group.key>I</group.key>
                <group.label>I</group.label>
                <group.members>
                    <char.set>I</char.set>
                    <char.set>i</char.set>
                </group.members>
            </index.group>
            <index.group>
                <group.key>J</group.key>
                <group.label>J</group.label>
                <group.members>
                    <char.set>J</char.set>
                    <char.set>j</char.set>
                </group.members>
            </index.group>
            <index.group>
                <group.key>K</group.key>
                <group.label>K</group.label>
                <group.members>
                    <char.set>K</char.set>
                    <char.set>k</char.set>
                </group.members>
            </index.group>
            <index.group>
                <group.key>L</group.key>
                <group.label>L</group.label>
                <group.members>
                    <char.set>L</char.set>
                    <char.set>l</char.set>
                </group.members>
            </index.group>
            <index.group>
                <group.key>M</group.key>
                <group.label>M</group.label>
                <group.members>
                    <char.set>M</char.set>
                    <char.set>m</char.set>
                </group.members>
            </index.group>
            <index.group>
                <group.key>N</group.key>
                <group.label>N</group.label>
                <group.members>
                    <char.set>N</char.set>
                    <char.set>n</char.set>
                </group.members>
            </index.group>
            <index.group>
                <group.key>O</group.key>
                <group.label>O</group.label>
                <group.members>
                    <char.set>O</char.set>
                    <char.set>o</char.set>
                </group.members>
            </index.group>
            <index.group>
                <group.key>P</group.key>
                <group.label>P</group.label>
                <group.members>
                    <char.set>P</char.set>
                    <char.set>p</char.set>
                </group.members>
            </index.group>
            <index.group>
                <group.key>Q</group.key>
                <group.label>Q</group.label>
                <group.members>
                    <char.set>Q</char.set>
                    <char.set>q</char.set>
                </group.members>
            </index.group>
            <index.group>
                <group.key>R</group.key>
                <group.label>R</group.label>
                <group.members>
                    <char.set>R</char.set>
                    <char.set>r</char.set>
                </group.members>
            </index.group>
            <index.group>
                <group.key>S</group.key>
                <group.label>S</group.label>
                <group.members>
                    <char.set>S</char.set>
                    <char.set>s</char.set>
                </group.members>
            </index.group>
            <index.group>
                <group.key>T</group.key>
                <group.label>T</group.label>
                <group.members>
                    <char.set>T</char.set>
                    <char.set>t</char.set>
                </group.members>
            </index.group>
            <index.group>
                <group.key>U</group.key>
                <group.label>U</group.label>
                <group.members>
                    <char.set>U</char.set>
                    <char.set>u</char.set>
                </group.members>
            </index.group>
            <index.group>
                <group.key>V</group.key>
                <group.label>V</group.label>
                <group.members>
                    <char.set>V</char.set>
                    <char.set>v</char.set>
                </group.members>
            </index.group>
            <index.group>
                <group.key>W</group.key>
                <group.label>W</group.label>
                <group.members>
                    <char.set>W</char.set>
                    <char.set>w</char.set>
                </group.members>
            </index.group>
            <index.group>
                <group.key>X</group.key>
                <group.label>X</group.label>
                <group.members>
                    <char.set>X</char.set>
                    <char.set>x</char.set>
                </group.members>
            </index.group>
            <index.group>
                <group.key>Y</group.key>
                <group.label>Y</group.label>
                <group.members>
                    <char.set>Y</char.set>
                    <char.set>y</char.set>
                </group.members>
            </index.group>
            <index.group>
                <group.key>Z</group.key>
                <group.label>Z</group.label>
                <group.members>
                    <char.set>Z</char.set>
                    <char.set>z</char.set>
                </group.members>
            </index.group>
            <!--<index.group>
      <group.key>ं</group.key>
      <group.label>ं</group.label>
      <group.members>
         <char.set>ं</char.set>
         <char.set>ँ</char.set>
      </group.members>
   </index.group>
   <index.group>
      <group.key>ः</group.key>
      <group.label>ः</group.label>
      <group.members>
         <char.set>ः</char.set>
      </group.members>
   </index.group>-->
   <index.group>
      <group.key>अ</group.key>
      <group.label>अ</group.label>
      <group.members>
         <char.set>अ</char.set>
      </group.members>
   </index.group>
   <index.group>
      <group.key>आ</group.key>
      <group.label>आ</group.label>
      <group.members>
         <char.set>आ</char.set>
      </group.members>
   </index.group>
   <index.group>
      <group.key>इ</group.key>
      <group.label>इ</group.label>
      <group.members>
         <char.set>इ</char.set>
      </group.members>
   </index.group>
   <index.group>
      <group.key>ई</group.key>
      <group.label>ई</group.label>
      <group.members>
         <char.set>ई</char.set>
      </group.members>
   </index.group>
   <index.group>
      <group.key>उ</group.key>
      <group.label>उ</group.label>
      <group.members>
         <char.set>उ</char.set>
      </group.members>
   </index.group>
   <index.group>
      <group.key>ऊ</group.key>
      <group.label>ऊ</group.label>
      <group.members>
         <char.set>ऊ</char.set>
      </group.members>
   </index.group>
   <index.group>
      <group.key>ऋ</group.key>
      <group.label>ऋ</group.label>
      <group.members>
         <char.set>ऋ</char.set>
      </group.members>
   </index.group>
   <index.group>
      <group.key>ए</group.key>
      <group.label>ए</group.label>
      <group.members>
         <char.set>ए</char.set>
      </group.members>
   </index.group>
   <index.group>
      <group.key>ऐ</group.key>
      <group.label>ऐ</group.label>
      <group.members>
         <char.set>ऐ</char.set>
      </group.members>
   </index.group>
   <index.group>
      <group.key>ओ</group.key>
      <group.label>ओ</group.label>
      <group.members>
         <char.set>ओ</char.set>
      </group.members>
   </index.group>
   <index.group>
      <group.key>औ</group.key>
      <group.label>औ</group.label>
      <group.members>
         <char.set>औ</char.set>
      </group.members>
   </index.group>
   <index.group>
      <group.key>क</group.key>
      <group.label>क</group.label>
      <group.members>
         <char.set>क</char.set>
      </group.members>
   </index.group>
   <index.group>
      <group.key>ख</group.key>
      <group.label>ख</group.label>
      <group.members>
         <char.set>ख</char.set>
      </group.members>
   </index.group>
   <index.group>
      <group.key>ग</group.key>
      <group.label>ग</group.label>
      <group.members>
         <char.set>ग</char.set>
      </group.members>
   </index.group>
   <index.group>
      <group.key>घ</group.key>
      <group.label>घ</group.label>
      <group.members>
         <char.set>घ</char.set>
      </group.members>
   </index.group>
   <index.group>
      <group.key>ङ</group.key>
      <group.label>ङ</group.label>
      <group.members>
         <char.set>ङ</char.set>
      </group.members>
   </index.group>
   <index.group>
      <group.key>च</group.key>
      <group.label>च</group.label>
      <group.members>
         <char.set>च</char.set>
      </group.members>
   </index.group>
   <index.group>
      <group.key>छ</group.key>
      <group.label>छ</group.label>
      <group.members>
         <char.set>छ</char.set>
      </group.members>
   </index.group>
   <index.group>
      <group.key>ज</group.key>
      <group.label>ज</group.label>
      <group.members>
         <char.set>ज</char.set>
      </group.members>
   </index.group>
   <index.group>
      <group.key>झ</group.key>
      <group.label>झ</group.label>
      <group.members>
         <char.set>झ</char.set>
      </group.members>
   </index.group>
   <index.group>
      <group.key>ञ</group.key>
      <group.label>ञ</group.label>
      <group.members>
         <char.set>ञ</char.set>
      </group.members>
   </index.group>
   <index.group>
      <group.key>ट</group.key>
      <group.label>ट</group.label>
      <group.members>
         <char.set>ट</char.set>
      </group.members>
   </index.group>
   <index.group>
      <group.key>ठ</group.key>
      <group.label>ठ</group.label>
      <group.members>
         <char.set>ठ</char.set>
      </group.members>
   </index.group>
   <index.group>
      <group.key>ड</group.key>
      <group.label>ड</group.label>
      <group.members>
         <char.set>ड</char.set>
      </group.members>
   </index.group>
   <index.group>
      <group.key>ढ</group.key>
      <group.label>ढ</group.label>
      <group.members>
         <char.set>ढ</char.set>
      </group.members>
   </index.group>
   <index.group>
      <group.key>ण</group.key>
      <group.label>ण</group.label>
      <group.members>
         <char.set>ण</char.set>
      </group.members>
   </index.group>
   <index.group>
      <group.key>त</group.key>
      <group.label>त</group.label>
      <group.members>
         <char.set>त</char.set>
      </group.members>
   </index.group>
   <index.group>
      <group.key>थ</group.key>
      <group.label>थ</group.label>
      <group.members>
         <char.set>थ</char.set>
      </group.members>
   </index.group>
   <index.group>
      <group.key>द</group.key>
      <group.label>द</group.label>
      <group.members>
         <char.set>द</char.set>
      </group.members>
   </index.group>
   <index.group>
      <group.key>ध</group.key>
      <group.label>ध</group.label>
      <group.members>
         <char.set>ध</char.set>
      </group.members>
   </index.group>
   <index.group>
      <group.key>न</group.key>
      <group.label>न</group.label>
      <group.members>
         <char.set>न</char.set>
      </group.members>
   </index.group>
   <index.group>
      <group.key>प</group.key>
      <group.label>प</group.label>
      <group.members>
         <char.set>प</char.set>
      </group.members>
   </index.group>
   <index.group>
      <group.key>फ</group.key>
      <group.label>फ</group.label>
      <group.members>
         <char.set>फ</char.set>
      </group.members>
   </index.group>
   <index.group>
      <group.key>ब</group.key>
      <group.label>ब</group.label>
      <group.members>
         <char.set>ब</char.set>
      </group.members>
   </index.group>
   <index.group>
      <group.key>भ</group.key>
      <group.label>भ</group.label>
      <group.members>
         <char.set>भ</char.set>
      </group.members>
   </index.group>
   <index.group>
      <group.key>म</group.key>
      <group.label>म</group.label>
      <group.members>
         <char.set>म</char.set>
      </group.members>
   </index.group>
   <index.group>
      <group.key>य</group.key>
      <group.label>य</group.label>
      <group.members>
         <char.set>य</char.set>
      </group.members>
   </index.group>
   <index.group>
      <group.key>र</group.key>
      <group.label>र</group.label>
      <group.members>
         <char.set>र</char.set>
      </group.members>
   </index.group>
   <index.group>
      <group.key>ल</group.key>
      <group.label>ल</group.label>
      <group.members>
         <char.set>ल</char.set>
      </group.members>
   </index.group>
   <index.group>
      <group.key>व</group.key>
      <group.label>व</group.label>
      <group.members>
         <char.set>व</char.set>
      </group.members>
   </index.group>
   <index.group>
      <group.key>श</group.key>
      <group.label>श</group.label>
      <group.members>
         <char.set>श</char.set>
      </group.members>
   </index.group>
   <index.group>
      <group.key>ष</group.key>
      <group.label>ष</group.label>
      <group.members>
         <char.set>ष</char.set>
      </group.members>
   </index.group>
   <index.group>
      <group.key>स</group.key>
      <group.label>स</group.label>
      <group.members>
         <char.set>स</char.set>
      </group.members>
   </index.group>
   <index.group>
      <group.key>ह</group.key>
      <group.label>ह</group.label>
      <group.members>
         <char.set>ह</char.set>
      </group.members>
   </index.group>
        </index.groups>
    </index.configuration>
</index.configuration.set>
