<?xml version="1.0"?>
<!--
This file is part of the DITA Open Toolkit project. 

Copyright 2011 Jarno Elovirta

See the accompanying LICENSE file for applicable license.
-->
<index.configuration.set>
  <index.configuration>
    <language>hu</language>
    <index.groups>
      <index.group>
        <group.key>Specials</group.key>
        <group.label>Különleges jelek</group.label>
        <group.members>
          <char.set>\</char.set>
          <char.set>`</char.set>
          <char.set>~</char.set>
          <char.set>!</char.set>
          <char.set>@</char.set>
          <char.set>#</char.set>
          <char.set>$</char.set>
          <char.set>%</char.set>
          <char.set>^</char.set>
          <char.set>&amp;</char.set>
          <char.set>*</char.set>
          <char.set>(</char.set>
          <char.set>)</char.set>
          <char.set>_</char.set>
          <char.set>-</char.set>
          <char.set>=</char.set>
          <char.set>+</char.set>
          <char.set>'</char.set>
          <char.set>"</char.set>
          <char.set>;</char.set>
          <char.set>:</char.set>
          <char.set>&lt;</char.set>
          <char.set>&gt;</char.set>
          <char.set>.</char.set>
          <char.set>,</char.set>
          <char.set>/</char.set>
          <char.set>?</char.set>
          <char.set>[</char.set>
          <char.set>]</char.set>
          <char.set>{</char.set>
          <char.set>}</char.set>
          <char.set>|</char.set>
        </group.members>
      </index.group>
      <index.group>
        <group.key>Numbers</group.key>
        <group.label>Számok</group.label>
        <group.members>
          <char.set>0</char.set>
          <char.set>０</char.set>
          <char.set>1</char.set>
          <char.set>１</char.set>
          <char.set>2</char.set>
          <char.set>２</char.set>
          <char.set>3</char.set>
          <char.set>３</char.set>
          <char.set>4</char.set>
          <char.set>４</char.set>
          <char.set>5</char.set>
          <char.set>５</char.set>
          <char.set>6</char.set>
          <char.set>６</char.set>
          <char.set>7</char.set>
          <char.set>７</char.set>
          <char.set>8</char.set>
          <char.set>８</char.set>
          <char.set>9</char.set>
          <char.set>９</char.set>
        </group.members>
      </index.group>
      <index.group>
        <group.key>A</group.key>
        <group.label>A, Á</group.label>
        <group.members>
          <char.set>A</char.set>
          <char.set>a</char.set>
          <char.set>á</char.set>
          <char.set>Á</char.set>
        </group.members>
      </index.group>
      <index.group>
        <group.key>B</group.key>
        <group.label>B</group.label>
        <group.members>
          <char.set>B</char.set>
          <char.set>b</char.set>
        </group.members>
      </index.group>
      <index.group>
        <group.key>C</group.key>
        <group.label>C</group.label>
        <group.members>
          <char.set>C</char.set>
          <char.set>c</char.set>
        </group.members>
      </index.group>
      <index.group>
        <group.key>CS</group.key>
        <group.label>CS</group.label>
        <group.members>
          <char.set>CS</char.set>
          <char.set>Cs</char.set>
          <char.set>cs</char.set>
        </group.members>
      </index.group>
      <index.group>
        <group.key>D</group.key>
        <group.label>D</group.label>
        <group.members>
          <char.set>D</char.set>
          <char.set>d</char.set>
        </group.members>
      </index.group>
      <index.group>
        <group.key>DZ</group.key>
        <group.label>DZ</group.label>
        <group.members>
          <char.set>DZ</char.set>
          <char.set>Dz</char.set>
          <char.set>dz</char.set>
          <char.set>DDZ</char.set>
          <char.set>Ddz</char.set>
          <char.set>ddz</char.set>
        </group.members>
      </index.group>
      <index.group>
        <group.key>DZS</group.key>
        <group.label>DZS</group.label>
        <group.members>
          <char.set>DZS</char.set>
          <char.set>Dzs</char.set>
          <char.set>dzs</char.set>
          <char.set>DDZS</char.set>
          <char.set>Ddzs</char.set>
          <char.set>ddzs</char.set>
        </group.members>
      </index.group>
      <index.group>
        <group.key>E</group.key>
        <group.label>E, É</group.label>
        <group.members>
          <char.set>E</char.set>
          <char.set>e</char.set>
          <char.set>é</char.set>
          <char.set>É</char.set>
        </group.members>
      </index.group>
      <index.group>
        <group.key>F</group.key>
        <group.label>F</group.label>
        <group.members>
          <char.set>F</char.set>
          <char.set>f</char.set>
        </group.members>
      </index.group>
      <index.group>
        <group.key>G</group.key>
        <group.label>G</group.label>
        <group.members>
          <char.set>G</char.set>
          <char.set>g</char.set>
        </group.members>
      </index.group>
      <index.group>
        <group.key>GY</group.key>
        <group.label>GY</group.label>
        <group.members>
          <char.set>GY</char.set>
          <char.set>Gy</char.set>
          <char.set>gy</char.set>
          <char.set>GGY</char.set>
          <char.set>Ggy</char.set>
          <char.set>ggy</char.set>
        </group.members>
      </index.group>
      <index.group>
        <group.key>H</group.key>
        <group.label>H</group.label>
        <group.members>
          <char.set>H</char.set>
          <char.set>h</char.set>
        </group.members>
      </index.group>
      <index.group>
        <group.key>I</group.key>
        <group.label>I, Í</group.label>
        <group.members>
          <char.set>I</char.set>
          <char.set>i</char.set>
          <char.set>í</char.set>
          <char.set>Í</char.set>
        </group.members>
      </index.group>
      <index.group>
        <group.key>J</group.key>
        <group.label>J</group.label>
        <group.members>
          <char.set>J</char.set>
          <char.set>j</char.set>
        </group.members>
      </index.group>
      <index.group>
        <group.key>K</group.key>
        <group.label>K</group.label>
        <group.members>
          <char.set>K</char.set>
          <char.set>k</char.set>
        </group.members>
      </index.group>
      <index.group>
        <group.key>L</group.key>
        <group.label>L</group.label>
        <group.members>
          <char.set>L</char.set>
          <char.set>l</char.set>
        </group.members>
      </index.group>
      <index.group>
        <group.key>LY</group.key>
        <group.label>LY</group.label>
        <group.members>
          <char.set>LY</char.set>
          <char.set>Ly</char.set>
          <char.set>ly</char.set>
          <char.set>LLY</char.set>
          <char.set>Lly</char.set>
          <char.set>lly</char.set>
        </group.members>
      </index.group>
      <index.group>
        <group.key>M</group.key>
        <group.label>M</group.label>
        <group.members>
          <char.set>M</char.set>
          <char.set>m</char.set>
        </group.members>
      </index.group>
      <index.group>
        <group.key>N</group.key>
        <group.label>N</group.label>
        <group.members>
          <char.set>N</char.set>
          <char.set>n</char.set>
        </group.members>
      </index.group>
      <index.group>
        <group.key>NY</group.key>
        <group.label>NY</group.label>
        <group.members>
          <char.set>NY</char.set>
          <char.set>Ny</char.set>
          <char.set>ny</char.set>
          <char.set>NNY</char.set>
          <char.set>Nny</char.set>
          <char.set>nny</char.set>
        </group.members>
      </index.group>
      <index.group>
        <group.key>O</group.key>
        <group.label>O, Ó</group.label>
        <group.members>
          <char.set>O</char.set>
          <char.set>o</char.set>
          <char.set>ó</char.set>
          <char.set>Ó</char.set>
        </group.members>
      </index.group>
      <index.group>
        <group.key>Ö</group.key>
        <group.label>Ö, Ő</group.label>
        <group.members>
          <char.set>Ö</char.set>
          <char.set>ö</char.set>
          <char.set>ő</char.set>
          <char.set>Ő</char.set>
        </group.members>
      </index.group>
      <index.group>
        <group.key>P</group.key>
        <group.label>P</group.label>
        <group.members>
          <char.set>P</char.set>
          <char.set>p</char.set>
        </group.members>
      </index.group>
      <index.group>
        <group.key>Q</group.key>
        <group.label>Q</group.label>
        <group.members>
          <char.set>Q</char.set>
          <char.set>q</char.set>
        </group.members>
      </index.group>
      <index.group>
        <group.key>R</group.key>
        <group.label>R</group.label>
        <group.members>
          <char.set>R</char.set>
          <char.set>r</char.set>
        </group.members>
      </index.group>
      <index.group>
        <group.key>S</group.key>
        <group.label>S</group.label>
        <group.members>
          <char.set>S</char.set>
          <char.set>s</char.set>
        </group.members>
      </index.group>
      <index.group>
        <group.key>SZ</group.key>
        <group.label>SZ</group.label>
        <group.members>
          <char.set>SZ</char.set>
          <char.set>Sz</char.set>
          <char.set>sz</char.set>
          <char.set>SSZ</char.set>
          <char.set>Ssz</char.set>
          <char.set>ssz</char.set>
        </group.members>
      </index.group>
      <index.group>
        <group.key>T</group.key>
        <group.label>T</group.label>
        <group.members>
          <char.set>T</char.set>
          <char.set>t</char.set>
        </group.members>
      </index.group>
      <index.group>
        <group.key>TY</group.key>
        <group.label>TY</group.label>
        <group.members>
          <char.set>TY</char.set>
          <char.set>Ty</char.set>
          <char.set>ty</char.set>
          <char.set>TTY</char.set>
          <char.set>Tty</char.set>
          <char.set>tty</char.set>
        </group.members>
      </index.group>
      <index.group>
        <group.key>U</group.key>
        <group.label>U,Ú</group.label>
        <group.members>
          <char.set>U</char.set>
          <char.set>u</char.set>
          <char.set>ú</char.set>
          <char.set>Ú</char.set>
        </group.members>
      </index.group>
      <index.group>
        <group.key>Ü</group.key>
        <group.label>Ü,Ű</group.label>
        <group.members>
          <char.set>Ü</char.set>
          <char.set>ü</char.set>
          <char.set>ű</char.set>
          <char.set>Ű</char.set>
        </group.members>
      </index.group>
      <index.group>
        <group.key>V</group.key>
        <group.label>V</group.label>
        <group.members>
          <char.set>V</char.set>
          <char.set>v</char.set>
        </group.members>
      </index.group>
      <index.group>
        <group.key>W</group.key>
        <group.label>W</group.label>
        <group.members>
          <char.set>W</char.set>
          <char.set>w</char.set>
        </group.members>
      </index.group>
      <index.group>
        <group.key>X</group.key>
        <group.label>X</group.label>
        <group.members>
          <char.set>X</char.set>
          <char.set>x</char.set>
        </group.members>
      </index.group>
      <index.group>
        <group.key>Y</group.key>
        <group.label>Y</group.label>
        <group.members>
          <char.set>Y</char.set>
          <char.set>y</char.set>
        </group.members>
      </index.group>
      <index.group>
        <group.key>Z</group.key>
        <group.label>Z</group.label>
        <group.members>
          <char.set>Z</char.set>
          <char.set>z</char.set>
        </group.members>
      </index.group>
      <index.group>
        <group.key>ZS</group.key>
        <group.label>ZS</group.label>
        <group.members>
          <char.set>ZS</char.set>
          <char.set>Zs</char.set>
          <char.set>zs</char.set>
        </group.members>
      </index.group>
    </index.groups>
  </index.configuration>
</index.configuration.set>
