<?xml version="1.0" encoding="UTF-8"?>
<!--
This file is part of the DITA Open Toolkit project.

Copyright 2011 Jarno Elovirta

See the accompanying LICENSE file for applicable license.
-->
<index.configuration.set>
  <index.configuration>
    <language>sk</language>
    <index.groups>
      <index.group>
        <group.key>Specials</group.key>
        <group.label>Špeciálne znaky</group.label>
        <group.members>
          <char.set>\</char.set>
          <char.set>`</char.set>
          <char.set>~</char.set>
          <char.set>!</char.set>
          <char.set>@</char.set>
          <char.set>#</char.set>
          <char.set>$</char.set>
          <char.set>%</char.set>
          <char.set>^</char.set>
          <char.set>&amp;</char.set>
          <char.set>*</char.set>
          <char.set>(</char.set>
          <char.set>)</char.set>
          <char.set>_</char.set>
          <char.set>-</char.set>
          <char.set>=</char.set>
          <char.set>+</char.set>
          <char.set>'</char.set>
          <char.set>"</char.set>
          <char.set>;</char.set>
          <char.set>:</char.set>
          <char.set>&lt;</char.set>
          <char.set>&gt;</char.set>
          <char.set>.</char.set>
          <char.set>/</char.set>
          <char.set>?</char.set>
          <char.set>[</char.set>
          <char.set>]</char.set>
          <char.set>{</char.set>
          <char.set>}</char.set>
          <char.set>|</char.set>
        </group.members>
      </index.group>
      <index.group>
        <group.key>Numbers</group.key>
        <group.label>Numerický</group.label>
        <group.members>
          <char.set>0</char.set>
          <char.set>０</char.set>
          <char.set>1</char.set>
          <char.set>１</char.set>
          <char.set>2</char.set>
          <char.set>２</char.set>
          <char.set>3</char.set>
          <char.set>３</char.set>
          <char.set>4</char.set>
          <char.set>４</char.set>
          <char.set>5</char.set>
          <char.set>５</char.set>
          <char.set>6</char.set>
          <char.set>６</char.set>
          <char.set>7</char.set>
          <char.set>７</char.set>
          <char.set>8</char.set>
          <char.set>８</char.set>
          <char.set>9</char.set>
          <char.set>９</char.set>
        </group.members>
      </index.group>
      <index.group>
        <group.key>A</group.key>
        <group.label>A</group.label>
        <group.members>
          <char.set>a</char.set>
          <char.set>ă</char.set>
          <char.set>â</char.set>
          <char.set>ą</char.set>
          <char.set>A</char.set>
          <char.set>Ă</char.set>
          <char.set>Â</char.set>
          <char.set>Ą</char.set>
          <char.set>á</char.set>
          <char.set>Á</char.set>
        </group.members>
      </index.group>
      <index.group>
        <group.key>Ä</group.key>
        <group.label>Ä</group.label>
        <group.members>
          <char.set>ä</char.set>
          <char.set>Ä</char.set>
        </group.members>
      </index.group>
      <index.group>
        <group.key>B</group.key>
        <group.label>B</group.label>
        <group.members>
          <char.set>b</char.set>
          <char.set>B</char.set>
        </group.members>
      </index.group>
      <index.group>
        <group.key>C</group.key>
        <group.label>C</group.label>
        <group.members>
          <char.set>c</char.set>
          <char.set>C</char.set>
        </group.members>
      </index.group>
      <index.group>
        <group.key>Č</group.key>
        <group.label>Č</group.label>
        <group.members>
          <char.set>č</char.set>
          <char.set>Č</char.set>
        </group.members>
      </index.group>
      <index.group>
        <group.key>D</group.key>
        <group.label>D</group.label>
        <group.members>
          <char.set>d</char.set>
          <char.set>ď</char.set>
          <char.set>D</char.set>
          <char.set>Ď</char.set>
        </group.members>
      </index.group>
      <index.group>
        <group.key>E</group.key>
        <group.label>E</group.label>
        <group.members>
          <char.set>e</char.set>
          <char.set>E</char.set>
          <char.set>é</char.set>
          <char.set>É</char.set>
        </group.members>
      </index.group>
      <index.group>
        <group.key>F</group.key>
        <group.label>F</group.label>
        <group.members>
          <char.set>f</char.set>
          <char.set>F</char.set>
        </group.members>
      </index.group>
      <index.group>
        <group.key>G</group.key>
        <group.label>G</group.label>
        <group.members>
          <char.set>g</char.set>
          <char.set>G</char.set>
        </group.members>
      </index.group>
      <index.group>
        <group.key>H</group.key>
        <group.label>H</group.label>
        <group.members>
          <char.set>h</char.set>
          <char.set>H</char.set>
        </group.members>
      </index.group>
      <index.group>
        <group.key>CH</group.key>
        <group.label>CH</group.label>
        <group.members>
          <char.set>ch</char.set>
          <char.set>Ch</char.set>
          <char.set>CH</char.set>
        </group.members>
      </index.group>
      <index.group>
        <group.key>I</group.key>
        <group.label>I</group.label>
        <group.members>
          <char.set>i</char.set>
          <char.set>I</char.set>
          <char.set>î</char.set>
          <char.set>Î</char.set>
          <char.set>í</char.set>
          <char.set>Í</char.set>
        </group.members>
      </index.group>
      <index.group>
        <group.key>J</group.key>
        <group.label>J</group.label>
        <group.members>
          <char.set>j</char.set>
          <char.set>J</char.set>
        </group.members>
      </index.group>
      <index.group>
        <group.key>K</group.key>
        <group.label>K</group.label>
        <group.members>
          <char.set>k</char.set>
          <char.set>K</char.set>
        </group.members>
      </index.group>
      <index.group>
        <group.key>L</group.key>
        <group.label>L</group.label>
        <group.members>
          <char.set>l</char.set>
          <char.set>L</char.set>
          <char.set>ĺ</char.set>
          <char.set>Ĺ</char.set>
          <char.set>ľ</char.set>
          <char.set>Ľ</char.set>
        </group.members>
      </index.group>
      <!--<index.group>
        <group.key>Ĺ</group.key>
        <group.label>Ĺ</group.label>
        <group.members>
        </group.members>
      </index.group>
      <index.group>
        <group.key>Ľ</group.key>
        <group.label>Ľ</group.label>
        <group.members>
        </group.members>
      </index.group>-->
      <index.group>
        <group.key>M</group.key>
        <group.label>M</group.label>
        <group.members>
          <char.set>m</char.set>
          <char.set>M</char.set>
        </group.members>
      </index.group>
      <index.group>
        <group.key>N</group.key>
        <group.label>N</group.label>
        <group.members>
          <char.set>n</char.set>
          <char.set>N</char.set>
          <char.set>ň</char.set>
          <char.set>Ň</char.set>
        </group.members>
      </index.group>
      <index.group>
        <group.key>O</group.key>
        <group.label>O</group.label>
        <group.members>
          <char.set>o</char.set>
          <char.set>O</char.set>
          <char.set>ó</char.set>
          <char.set>Ó</char.set>
        </group.members>
      </index.group>
      <index.group>
        <group.key>Ô</group.key>
        <group.label>Ô</group.label>
        <group.members>
          <char.set>ô</char.set>
          <char.set>Ô</char.set>
        </group.members>
      </index.group>
      <index.group>
        <group.key>P</group.key>
        <group.label>P</group.label>
        <group.members>
          <char.set>p</char.set>
          <char.set>P</char.set>
        </group.members>
      </index.group>
      <index.group>
        <group.key>Q</group.key>
        <group.label>Q</group.label>
        <group.members>
          <char.set>q</char.set>
          <char.set>Q</char.set>
        </group.members>
      </index.group>
      <index.group>
        <group.key>R</group.key>
        <group.label>R</group.label>
        <group.members>
          <char.set>r</char.set>
          <char.set>R</char.set>
          <char.set>ŕ</char.set>
          <char.set>Ŕ</char.set>
        </group.members>
      </index.group>
      <index.group>
        <group.key>S</group.key>
        <group.label>S</group.label>
        <group.members>
          <char.set>s</char.set>
          <char.set>S</char.set>
        </group.members>
      </index.group>
      <index.group>
        <group.key>Š</group.key>
        <group.label>Š</group.label>
        <group.members>
          <char.set>š</char.set>
          <char.set>Š</char.set>
          <char.set>ş</char.set>
          <char.set>Ş</char.set>
        </group.members>
      </index.group>
      <index.group>
        <group.key>T</group.key>
        <group.label>T</group.label>
        <group.members>
          <char.set>t</char.set>
          <char.set>T</char.set>
          <char.set>ť</char.set>
          <char.set>Ť</char.set>
        </group.members>
      </index.group>
      <index.group>
        <group.key>U</group.key>
        <group.label>U</group.label>
        <group.members>
          <char.set>u</char.set>
          <char.set>U</char.set>
          <char.set>ú</char.set>
          <char.set>Ú</char.set>
        </group.members>
      </index.group>
      <index.group>
        <group.key>V</group.key>
        <group.label>V</group.label>
        <group.members>
          <char.set>v</char.set>
          <char.set>V</char.set>
        </group.members>
      </index.group>
      <index.group>
        <group.key>W</group.key>
        <group.label>W</group.label>
        <group.members>
          <char.set>w</char.set>
          <char.set>W</char.set>
        </group.members>
      </index.group>
      <index.group>
        <group.key>X</group.key>
        <group.label>X</group.label>
        <group.members>
          <char.set>x</char.set>
          <char.set>X</char.set>
        </group.members>
      </index.group>
      <index.group>
        <group.key>Y</group.key>
        <group.label>Y</group.label>
        <group.members>
          <char.set>y</char.set>
          <char.set>Y</char.set>
          <char.set>ý</char.set>
          <char.set>Ý</char.set>
        </group.members>
      </index.group>
      <index.group>
        <group.key>Z</group.key>
        <group.label>Z</group.label>
        <group.members>
          <char.set>z</char.set>
          <char.set>Z</char.set>
        </group.members>
      </index.group>
      <index.group>
        <group.key>Ž</group.key>
        <group.label>Ž</group.label>
        <group.members>
          <char.set>ž</char.set>
          <char.set>Ž</char.set>
        </group.members>
      </index.group>
    </index.groups>
  </index.configuration>
</index.configuration.set>
