<?xml version="1.0" encoding="UTF-8"?>
<!--
This file is part of the DITA Open Toolkit project.
     See the accompanying LICENSE file for
     applicable licenses.-->
<!--
This file is part of the DITA Open Toolkit project.

Copyright 2006 IBM Corporation

See the accompanying LICENSE file for applicable license.
-->
<index.configuration.set>
    <index.configuration>
        <language>vi</language>
        <index.groups>
            <index.group>
                <group.key>Specials</group.key>
                <group.label>Ký tự đặc biệt</group.label>
                <group.members>
                    <char.set>\</char.set>
                    <char.set>`</char.set>
                    <char.set>~</char.set>
                    <char.set>!</char.set>
                    <char.set>@</char.set>
                    <char.set>#</char.set>
                    <char.set>$</char.set>
                    <char.set>%</char.set>
                    <char.set>^</char.set>
                    <char.set>&amp;</char.set>
                    <char.set>*</char.set>
                    <char.set>(</char.set>
                    <char.set>)</char.set>
                    <char.set>_</char.set>
                    <char.set>-</char.set>
                    <char.set>=</char.set>
                    <char.set>+</char.set>
                    <char.set>'</char.set>
                    <char.set>"</char.set>
                    <char.set>;</char.set>
                    <char.set>:</char.set>
                    <char.set>&lt;</char.set>
                    <char.set>&gt;</char.set>
                    <char.set>.</char.set>
                    <char.set>,</char.set>
                    <char.set>/</char.set>
                    <char.set>?</char.set>
                    <char.set>[</char.set>
                    <char.set>]</char.set>
                    <char.set>{</char.set>
                    <char.set>}</char.set>
                    <char.set>|</char.set>
                </group.members>
            </index.group>
            <index.group>
                <group.key>Numbers</group.key>
                <group.label>Số</group.label>
                <group.members>
                    <char.set>0</char.set>
                    <char.set>０</char.set>
                    <char.set>1</char.set>
                    <char.set>１</char.set>
                    <char.set>2</char.set>
                    <char.set>２</char.set>
                    <char.set>3</char.set>
                    <char.set>３</char.set>
                    <char.set>4</char.set>
                    <char.set>４</char.set>
                    <char.set>5</char.set>
                    <char.set>５</char.set>
                    <char.set>6</char.set>
                    <char.set>６</char.set>
                    <char.set>7</char.set>
                    <char.set>７</char.set>
                    <char.set>8</char.set>
                    <char.set>８</char.set>
                    <char.set>9</char.set>
                    <char.set>９</char.set>
                </group.members>
            </index.group>
            <index.group>
                <group.key>A</group.key>
                <group.label>A</group.label>
                <group.members>
         <char.set>A</char.set>
         <char.set>a</char.set>
         <char.set>À</char.set>
         <char.set>Á</char.set>
         <char.set>Ã</char.set>
         <char.set>à</char.set>
         <char.set>á</char.set>
         <char.set>ã</char.set>
         <char.set>Ạ</char.set>
         <char.set>ạ</char.set>
         <char.set>Ả</char.set>
         <char.set>ả</char.set>
                </group.members>
            </index.group>
            <index.group>
                <group.key>Ă</group.key>
                <group.label>Ă</group.label>
                <group.members>
         <char.set>Ă</char.set>
         <char.set>ă</char.set>
         <char.set>Ắ</char.set>
         <char.set>ắ</char.set>
         <char.set>Ằ</char.set>
         <char.set>ằ</char.set>
         <char.set>Ẳ</char.set>
         <char.set>ẳ</char.set>
         <char.set>Ẵ</char.set>
         <char.set>ẵ</char.set>
         <char.set>Ặ</char.set>
         <char.set>ặ</char.set>
                </group.members>
            </index.group>
            <index.group>
                <group.key>Â</group.key>
                <group.label>Â</group.label>
                <group.members>
         <char.set>Â</char.set>
         <char.set>â</char.set>
         <char.set>Ấ</char.set>
         <char.set>ấ</char.set>
         <char.set>Ầ</char.set>
         <char.set>ầ</char.set>
         <char.set>Ẩ</char.set>
         <char.set>ẩ</char.set>
         <char.set>Ẫ</char.set>
         <char.set>ẫ</char.set>
         <char.set>Ậ</char.set>
         <char.set>ậ</char.set>
                </group.members>
            </index.group>
            <index.group>
                <group.key>B</group.key>
                <group.label>B</group.label>
                <group.members>
                    <char.set>B</char.set>
                    <char.set>b</char.set>
                </group.members>
            </index.group>
            <index.group>
                <group.key>C</group.key>
                <group.label>C</group.label>
                <group.members>
                    <char.set>C</char.set>
                    <char.set>c</char.set>
                </group.members>
            </index.group>
            <index.group>
                <group.key>D</group.key>
                <group.label>D</group.label>
                <group.members>
                    <char.set>D</char.set>
                    <char.set>d</char.set>
                </group.members>
            </index.group>
            <index.group>
                <group.key>Đ</group.key>
                <group.label>Đ</group.label>
                <group.members>
         <char.set>Đ</char.set>
         <char.set>đ</char.set>
                </group.members>
            </index.group>
            <index.group>
                <group.key>E</group.key>
                <group.label>E</group.label>
                <group.members>
         <char.set>E</char.set>
         <char.set>e</char.set>
         <char.set>È</char.set>
         <char.set>É</char.set>
         <char.set>è</char.set>
         <char.set>é</char.set>
         <char.set>Ẹ</char.set>
         <char.set>ẹ</char.set>
         <char.set>Ẻ</char.set>
         <char.set>ẻ</char.set>
         <char.set>Ẽ</char.set>
         <char.set>ẽ</char.set>
                </group.members>
            </index.group>
            <index.group>
                <group.key>Ê</group.key>
                <group.label>Ê</group.label>
                <group.members>
         <char.set>Ê</char.set>
         <char.set>ê</char.set>
         <char.set>Ế</char.set>
         <char.set>ế</char.set>
         <char.set>Ề</char.set>
         <char.set>ề</char.set>
         <char.set>Ể</char.set>
         <char.set>ể</char.set>
         <char.set>Ễ</char.set>
         <char.set>ễ</char.set>
         <char.set>Ệ</char.set>
         <char.set>ệ</char.set>
                </group.members>
            </index.group>
            <index.group>
                <group.key>F</group.key>
                <group.label>F</group.label>
                <group.members>
                    <char.set>F</char.set>
                    <char.set>f</char.set>
                </group.members>
            </index.group>
            <index.group>
                <group.key>G</group.key>
                <group.label>G</group.label>
                <group.members>
                    <char.set>G</char.set>
                    <char.set>g</char.set>
                </group.members>
            </index.group>
            <index.group>
                <group.key>H</group.key>
                <group.label>H</group.label>
                <group.members>
                    <char.set>H</char.set>
                    <char.set>h</char.set>
                </group.members>
            </index.group>
            <index.group>
                <group.key>I</group.key>
                <group.label>I</group.label>
                <group.members>
         <char.set>I</char.set>
         <char.set>i</char.set>
         <char.set>Ì</char.set>
         <char.set>Í</char.set>
         <char.set>ì</char.set>
         <char.set>í</char.set>
         <char.set>Ĩ</char.set>
         <char.set>ĩ</char.set>
         <char.set>Ỉ</char.set>
         <char.set>ỉ</char.set>
         <char.set>Ị</char.set>
         <char.set>ị</char.set>
                </group.members>
            </index.group>
            <index.group>
                <group.key>J</group.key>
                <group.label>J</group.label>
                <group.members>
                    <char.set>J</char.set>
                    <char.set>j</char.set>
                </group.members>
            </index.group>
            <index.group>
                <group.key>K</group.key>
                <group.label>K</group.label>
                <group.members>
                    <char.set>K</char.set>
                    <char.set>k</char.set>
                </group.members>
            </index.group>
            <index.group>
                <group.key>L</group.key>
                <group.label>L</group.label>
                <group.members>
                    <char.set>L</char.set>
                    <char.set>l</char.set>
                </group.members>
            </index.group>
            <index.group>
                <group.key>M</group.key>
                <group.label>M</group.label>
                <group.members>
                    <char.set>M</char.set>
                    <char.set>m</char.set>
                </group.members>
            </index.group>
            <index.group>
                <group.key>N</group.key>
                <group.label>N</group.label>
                <group.members>
                    <char.set>N</char.set>
                    <char.set>n</char.set>
                </group.members>
            </index.group>
            <index.group>
                <group.key>O</group.key>
                <group.label>O</group.label>
                <group.members>
         <char.set>O</char.set>
         <char.set>o</char.set>
         <char.set>Ò</char.set>
         <char.set>Ó</char.set>
         <char.set>Õ</char.set>
         <char.set>ò</char.set>
         <char.set>ó</char.set>
         <char.set>õ</char.set>
         <char.set>Ọ</char.set>
         <char.set>ọ</char.set>
         <char.set>Ỏ</char.set>
         <char.set>ỏ</char.set>
                </group.members>
            </index.group>
            <index.group>
                <group.key>Ô</group.key>
                <group.label>Ô</group.label>
                <group.members>
         <char.set>Ô</char.set>
         <char.set>ô</char.set>
         <char.set>Ố</char.set>
         <char.set>ố</char.set>
         <char.set>Ồ</char.set>
         <char.set>ồ</char.set>
         <char.set>Ổ</char.set>
         <char.set>ổ</char.set>
         <char.set>Ỗ</char.set>
         <char.set>ỗ</char.set>
         <char.set>Ộ</char.set>
         <char.set>ộ</char.set>
                </group.members>
            </index.group>
            <index.group>
                <group.key>Ơ</group.key>
                <group.label>Ơ</group.label>
                <group.members>
         <char.set>Ơ</char.set>
         <char.set>ơ</char.set>
         <char.set>Ớ</char.set>
         <char.set>ớ</char.set>
         <char.set>Ờ</char.set>
         <char.set>ờ</char.set>
         <char.set>Ở</char.set>
         <char.set>ở</char.set>
         <char.set>Ỡ</char.set>
         <char.set>ỡ</char.set>
         <char.set>Ợ</char.set>
         <char.set>ợ</char.set>
                </group.members>
            </index.group>
            <index.group>
                <group.key>P</group.key>
                <group.label>P</group.label>
                <group.members>
                    <char.set>P</char.set>
                    <char.set>p</char.set>
                </group.members>
            </index.group>
            <index.group>
                <group.key>Q</group.key>
                <group.label>Q</group.label>
                <group.members>
                    <char.set>Q</char.set>
                    <char.set>q</char.set>
                </group.members>
            </index.group>
            <index.group>
                <group.key>R</group.key>
                <group.label>R</group.label>
                <group.members>
                    <char.set>R</char.set>
                    <char.set>r</char.set>
                </group.members>
            </index.group>
            <index.group>
                <group.key>S</group.key>
                <group.label>S</group.label>
                <group.members>
                    <char.set>S</char.set>
                    <char.set>s</char.set>
                </group.members>
            </index.group>
            <index.group>
                <group.key>T</group.key>
                <group.label>T</group.label>
                <group.members>
                    <char.set>T</char.set>
                    <char.set>t</char.set>
                </group.members>
            </index.group>
            <index.group>
                <group.key>U</group.key>
                <group.label>U</group.label>
                <group.members>
         <char.set>U</char.set>
         <char.set>u</char.set>
         <char.set>Ù</char.set>
         <char.set>Ú</char.set>
         <char.set>ù</char.set>
         <char.set>ú</char.set>
         <char.set>Ũ</char.set>
         <char.set>ũ</char.set>
         <char.set>Ụ</char.set>
         <char.set>ụ</char.set>
         <char.set>Ủ</char.set>
         <char.set>ủ</char.set>
                </group.members>
            </index.group>
            <index.group>
                <group.key>Ư</group.key>
                <group.label>Ư</group.label>
                <group.members>
         <char.set>Ư</char.set>
         <char.set>ư</char.set>
         <char.set>Ứ</char.set>
         <char.set>ứ</char.set>
         <char.set>Ừ</char.set>
         <char.set>ừ</char.set>
         <char.set>Ử</char.set>
         <char.set>ử</char.set>
         <char.set>Ữ</char.set>
         <char.set>ữ</char.set>
         <char.set>Ự</char.set>
         <char.set>ự</char.set>
                </group.members>
            </index.group>
            <index.group>
                <group.key>V</group.key>
                <group.label>V</group.label>
                <group.members>
                    <char.set>V</char.set>
                    <char.set>v</char.set>
                </group.members>
            </index.group>
            <index.group>
                <group.key>W</group.key>
                <group.label>W</group.label>
                <group.members>
                    <char.set>W</char.set>
                    <char.set>w</char.set>
                </group.members>
            </index.group>
            <index.group>
                <group.key>X</group.key>
                <group.label>X</group.label>
                <group.members>
                    <char.set>X</char.set>
                    <char.set>x</char.set>
                </group.members>
            </index.group>
            <index.group>
                <group.key>Y</group.key>
                <group.label>Y</group.label>
                <group.members>
         <char.set>Y</char.set>
         <char.set>y</char.set>
         <char.set>Ý</char.set>
         <char.set>ý</char.set>
         <char.set>Ỳ</char.set>
         <char.set>ỳ</char.set>
         <char.set>Ỵ</char.set>
         <char.set>ỵ</char.set>
         <char.set>Ỷ</char.set>
         <char.set>ỷ</char.set>
         <char.set>Ỹ</char.set>
         <char.set>ỹ</char.set>
                </group.members>
            </index.group>
            <index.group>
                <group.key>Z</group.key>
                <group.label>Z</group.label>
                <group.members>
                    <char.set>Z</char.set>
                    <char.set>z</char.set>
                </group.members>
            </index.group>
        </index.groups>
    </index.configuration>
</index.configuration.set>
