<w:body xmlns:wpc="http://schemas.microsoft.com/office/word/2010/wordprocessingCanvas" xmlns:cx="http://schemas.microsoft.com/office/drawing/2014/chartex" xmlns:cx1="http://schemas.microsoft.com/office/drawing/2015/9/8/chartex" xmlns:cx2="http://schemas.microsoft.com/office/drawing/2015/10/21/chartex" xmlns:cx3="http://schemas.microsoft.com/office/drawing/2016/5/9/chartex" xmlns:cx4="http://schemas.microsoft.com/office/drawing/2016/5/10/chartex" xmlns:cx5="http://schemas.microsoft.com/office/drawing/2016/5/11/chartex" xmlns:cx6="http://schemas.microsoft.com/office/drawing/2016/5/12/chartex" xmlns:cx7="http://schemas.microsoft.com/office/drawing/2016/5/13/chartex" xmlns:cx8="http://schemas.microsoft.com/office/drawing/2016/5/14/chartex" xmlns:mc="http://schemas.openxmlformats.org/markup-compatibility/2006" xmlns:aink="http://schemas.microsoft.com/office/drawing/2016/ink" xmlns:am3d="http://schemas.microsoft.com/office/drawing/2017/model3d" xmlns:o="urn:schemas-microsoft-com:office:office" xmlns:r="http://schemas.openxmlformats.org/officeDocument/2006/relationships" xmlns:m="http://schemas.openxmlformats.org/officeDocument/2006/math" xmlns:v="urn:schemas-microsoft-com:vml" xmlns:wp14="http://schemas.microsoft.com/office/word/2010/wordprocessingDrawing" xmlns:wp="http://schemas.openxmlformats.org/drawingml/2006/wordprocessingDrawing" xmlns:w10="urn:schemas-microsoft-com:office:word" xmlns:w="http://schemas.openxmlformats.org/wordprocessingml/2006/main" xmlns:w14="http://schemas.microsoft.com/office/word/2010/wordml" xmlns:w15="http://schemas.microsoft.com/office/word/2012/wordml" xmlns:w16cid="http://schemas.microsoft.com/office/word/2016/wordml/cid" xmlns:w16se="http://schemas.microsoft.com/office/word/2015/wordml/symex" xmlns:wpg="http://schemas.microsoft.com/office/word/2010/wordprocessingGroup" xmlns:wpi="http://schemas.microsoft.com/office/word/2010/wordprocessingInk" xmlns:wne="http://schemas.microsoft.com/office/word/2006/wordml" xmlns:wps="http://schemas.microsoft.com/office/word/2010/wordprocessingShape" mc:Ignorable="w14 w15 w16se w16cid wp14">
<w:p>
	<w:pPr>
		<w:jc w:val="both"/>
		<w:ind w:left="425"/>
	</w:pPr>
	<w:r>
		<w:drawing>
					<wp:inline distT="0" distB="0" distL="0" distR="0" wp14:anchorId="36DD5237" wp14:editId="5C220499">
						<wp:extent cx="2857500" cy="1295400"/>
						<wp:effectExtent l="0" t="0" r="0" b="0"/>
						<wp:docPr id="3" name="Picture 3" descr="https://15993-presscdn-0-55-pagely.netdna-ssl.com/wp-content/uploads/2016/04/isda-logo-300x136.jpg"/>
						<wp:cNvGraphicFramePr>
							<a:graphicFrameLocks xmlns:a="http://schemas.openxmlformats.org/drawingml/2006/main" noChangeAspect="1"/>
						</wp:cNvGraphicFramePr>
						<a:graphic xmlns:a="http://schemas.openxmlformats.org/drawingml/2006/main">
							<a:graphicData uri="http://schemas.openxmlformats.org/drawingml/2006/picture">
								<pic:pic xmlns:pic="http://schemas.openxmlformats.org/drawingml/2006/picture">
									<pic:nvPicPr>
										<pic:cNvPr id="3" name="Picture 3" descr="https://15993-presscdn-0-55-pagely.netdna-ssl.com/wp-content/uploads/2016/04/isda-logo-300x136.jpg"/>
										<pic:cNvPicPr>
											<a:picLocks noChangeAspect="1" noChangeArrowheads="1"/>
										</pic:cNvPicPr>
									</pic:nvPicPr>
									<pic:blipFill>
										<a:blip r:embed="rId_ISDA_L_1">
											<a:extLst>
												<a:ext uri="{28A0092B-C50C-407E-A947-70E740481C1C}">
													<a14:useLocalDpi xmlns:a14="http://schemas.microsoft.com/office/drawing/2010/main" val="0"/>
												</a:ext>
											</a:extLst>
										</a:blip>
										<!--<a:blip r:embed="rIdTest1" cstate="print"/>-->
										<a:srcRect/>
										<a:stretch>
											<a:fillRect/>
										</a:stretch>
									</pic:blipFill>
									<pic:spPr bwMode="auto">
										<a:xfrm>
											<a:off x="0" y="0"/>
											<a:ext cx="2857500" cy="1295400"/>
										</a:xfrm>
										<a:prstGeom prst="rect">
											<a:avLst/>
										</a:prstGeom>
										<a:noFill/>
										<a:ln>
											<a:noFill/>
										</a:ln>
									</pic:spPr>
								</pic:pic>
							</a:graphicData>
						</a:graphic>
					</wp:inline>
				</w:drawing>
	</w:r>

</w:p>
<w:p w14:paraId="6E21F307" w14:textId="77777777" w:rsidR="00B74F89" w:rsidRDefault="00B74F89" w:rsidP="00B74F89">
			<w:pPr>
				<w:rPr>
					<w:b/>
				</w:rPr>
			</w:pPr>
		</w:p>
		<w:p w14:paraId="27754BE1" w14:textId="77777777" w:rsidR="00B74F89" w:rsidRDefault="00B74F89" w:rsidP="00B74F89">
			<w:pPr>
				<w:rPr>
					<w:b/>
				</w:rPr>
			</w:pPr>
			<w:r>
				<w:rPr>
					<w:b/>
					<w:noProof/>
				</w:rPr>
				<mc:AlternateContent>
					<mc:Choice Requires="wps">
						<w:drawing>
							<wp:anchor distT="0" distB="0" distL="114300" distR="114300" simplePos="0" relativeHeight="251659264" behindDoc="0" locked="0" layoutInCell="1" allowOverlap="1" wp14:anchorId="3789C9C0" wp14:editId="3C0DA02B">
								<wp:simplePos x="0" y="0"/>
								<wp:positionH relativeFrom="margin">
									<wp:align>center</wp:align>
								</wp:positionH>
								<wp:positionV relativeFrom="paragraph">
									<wp:posOffset>8890</wp:posOffset>
								</wp:positionV>
								<wp:extent cx="5086350" cy="0"/>
								<wp:effectExtent l="0" t="0" r="19050" b="19050"/>
								<wp:wrapNone/>
								<wp:docPr id="4" name="Straight Connector 4"/>
								<wp:cNvGraphicFramePr/>
								<a:graphic xmlns:a="http://schemas.openxmlformats.org/drawingml/2006/main">
									<a:graphicData uri="http://schemas.microsoft.com/office/word/2010/wordprocessingShape">
										<wps:wsp>
											<wps:cNvCnPr/>
											<wps:spPr>
												<a:xfrm flipV="1">
													<a:off x="0" y="0"/>
													<a:ext cx="5086350" cy="0"/>
												</a:xfrm>
												<a:prstGeom prst="line">
													<a:avLst/>
												</a:prstGeom>
												<a:ln>
													<a:solidFill>
														<a:schemeClr val="tx1"/>
													</a:solidFill>
												</a:ln>
											</wps:spPr>
											<wps:style>
												<a:lnRef idx="1">
													<a:schemeClr val="accent1"/>
												</a:lnRef>
												<a:fillRef idx="0">
													<a:schemeClr val="accent1"/>
												</a:fillRef>
												<a:effectRef idx="0">
													<a:schemeClr val="accent1"/>
												</a:effectRef>
												<a:fontRef idx="minor">
													<a:schemeClr val="tx1"/>
												</a:fontRef>
											</wps:style>
											<wps:bodyPr/>
										</wps:wsp>
									</a:graphicData>
								</a:graphic>
								<wp14:sizeRelH relativeFrom="margin">
									<wp14:pctWidth>0</wp14:pctWidth>
								</wp14:sizeRelH>
								<wp14:sizeRelV relativeFrom="margin">
									<wp14:pctHeight>0</wp14:pctHeight>
								</wp14:sizeRelV>
							</wp:anchor>
						</w:drawing>
					</mc:Choice>
					<mc:Fallback>
						<w:pict>
							<v:line w14:anchorId="71B755FD" id="Straight Connector 4" o:spid="_x0000_s1026" style="position:absolute;flip:y;z-index:251659264;visibility:visible;mso-wrap-style:square;mso-width-percent:0;mso-height-percent:0;mso-wrap-distance-left:9pt;mso-wrap-distance-top:0;mso-wrap-distance-right:9pt;mso-wrap-distance-bottom:0;mso-position-horizontal:center;mso-position-horizontal-relative:margin;mso-position-vertical:absolute;mso-position-vertical-relative:text;mso-width-percent:0;mso-height-percent:0;mso-width-relative:margin;mso-height-relative:margin" from="0,.7pt" to="400.5pt,.7pt" o:gfxdata="UEsDBBQABgAIAAAAIQC2gziS/gAAAOEBAAATAAAAW0NvbnRlbnRfVHlwZXNdLnhtbJSRQU7DMBBF&#xA;90jcwfIWJU67QAgl6YK0S0CoHGBkTxKLZGx5TGhvj5O2G0SRWNoz/78nu9wcxkFMGNg6quQqL6RA&#xA;0s5Y6ir5vt9lD1JwBDIwOMJKHpHlpr69KfdHjyxSmriSfYz+USnWPY7AufNIadK6MEJMx9ApD/oD&#xA;OlTrorhX2lFEilmcO2RdNtjC5xDF9pCuTyYBB5bi6bQ4syoJ3g9WQ0ymaiLzg5KdCXlKLjvcW893&#xA;SUOqXwnz5DrgnHtJTxOsQfEKIT7DmDSUCaxw7Rqn8787ZsmRM9e2VmPeBN4uqYvTtW7jvijg9N/y&#xA;JsXecLq0q+WD6m8AAAD//wMAUEsDBBQABgAIAAAAIQA4/SH/1gAAAJQBAAALAAAAX3JlbHMvLnJl&#xA;bHOkkMFqwzAMhu+DvYPRfXGawxijTi+j0GvpHsDYimMaW0Yy2fr2M4PBMnrbUb/Q94l/f/hMi1qR&#xA;JVI2sOt6UJgd+ZiDgffL8ekFlFSbvV0oo4EbChzGx4f9GRdb25HMsYhqlCwG5lrLq9biZkxWOiqY&#xA;22YiTra2kYMu1l1tQD30/bPm3wwYN0x18gb45AdQl1tp5j/sFB2T0FQ7R0nTNEV3j6o9feQzro1i&#xA;OWA14Fm+Q8a1a8+Bvu/d/dMb2JY5uiPbhG/ktn4cqGU/er3pcvwCAAD//wMAUEsDBBQABgAIAAAA&#xA;IQBlfXU42AEAAA0EAAAOAAAAZHJzL2Uyb0RvYy54bWysU8FuGyEQvVfqPyDu9a7TJIpWXufgKLlU&#xA;rdU0uRN28CIBg4B613/fgbXXURNVatULYmDem3mPYXU7WsP2EKJG1/LlouYMnMROu13Ln37cf7rh&#xA;LCbhOmHQQcsPEPnt+uOH1eAbuMAeTQeBEYmLzeBb3qfkm6qKsgcr4gI9OLpUGKxIFIZd1QUxELs1&#xA;1UVdX1cDhs4HlBAjnd5Nl3xd+JUCmb4pFSEx03LqLZU1lPUlr9V6JZpdEL7X8tiG+IcurNCOis5U&#xA;dyIJ9jPoN1RWy4ARVVpItBUqpSUUDaRmWf+m5rEXHooWMif62ab4/2jl1/02MN21/JIzJyw90WMK&#xA;Qu/6xDboHBmIgV1mnwYfG0rfuG04RtFvQxY9qmCZMto/0wgUG0gYG4vLh9llGBOTdHhV31x/vqLH&#xA;kKe7aqLIVD7E9ABoWd603GiXDRCN2H+JicpS6iklHxuX14hGd/famBLk0YGNCWwv6NHTuMzNE+5V&#xA;FkUZWWVJk4iySwcDE+t3UGQKNTvJKeN45hRSgksnXuMoO8MUdTAD69L2H4HH/AyFMqp/A54RpTK6&#xA;NIOtdhjeq362Qk35Jwcm3dmCF+wO5XmLNTRzxbnj/8hD/Tou8PMvXv8CAAD//wMAUEsDBBQABgAI&#xA;AAAAIQDGFlYZ2gAAAAQBAAAPAAAAZHJzL2Rvd25yZXYueG1sTI9NS8NAEIbvgv9hmYI3u9soUmI2&#xA;pQgt4q2xIN422ckHzc6G7DZN/fWOXvT4zDu880y2mV0vJhxD50nDaqlAIFXedtRoOL7v7tcgQjRk&#xA;Te8JNVwxwCa/vclMav2FDjgVsRFcQiE1GtoYh1TKULXoTFj6AYmz2o/ORMaxkXY0Fy53vUyUepLO&#xA;dMQXWjPgS4vVqTg7Dbuyvn5+7T9ek3qftKe3h+NhKpTWd4t5+wwi4hz/luFHn9UhZ6fSn8kG0Wvg&#xA;RyJPH0FwuFYr5vKXZZ7J//L5NwAAAP//AwBQSwECLQAUAAYACAAAACEAtoM4kv4AAADhAQAAEwAA&#xA;AAAAAAAAAAAAAAAAAAAAW0NvbnRlbnRfVHlwZXNdLnhtbFBLAQItABQABgAIAAAAIQA4/SH/1gAA&#xA;AJQBAAALAAAAAAAAAAAAAAAAAC8BAABfcmVscy8ucmVsc1BLAQItABQABgAIAAAAIQBlfXU42AEA&#xA;AA0EAAAOAAAAAAAAAAAAAAAAAC4CAABkcnMvZTJvRG9jLnhtbFBLAQItABQABgAIAAAAIQDGFlYZ&#xA;2gAAAAQBAAAPAAAAAAAAAAAAAAAAADIEAABkcnMvZG93bnJldi54bWxQSwUGAAAAAAQABADzAAAA&#xA;OQUAAAAA&#xA;" strokecolor="black [3213]">
								<w10:wrap anchorx="margin"/>
							</v:line>
						</w:pict>
					</mc:Fallback>
				</mc:AlternateContent>
			</w:r>
		</w:p>
		<w:p w14:paraId="59ECC5C9" w14:textId="77777777" w:rsidR="00B74F89" w:rsidRDefault="00B74F89" w:rsidP="00B74F89">
			<w:pPr>
				<w:pStyle w:val="Body"/>
				<w:jc w:val="center"/>
				<w:rPr>
					<w:b/>
				</w:rPr>
			</w:pPr>
		</w:p>
		<w:p w14:paraId="6B6CA20F" w14:textId="77777777" w:rsidR="00B74F89" w:rsidRDefault="00B74F89" w:rsidP="00B74F89">
			<w:pPr>
				<w:pStyle w:val="Body"/>
				<w:jc w:val="center"/>
				<w:rPr>
					<w:b/>
				</w:rPr>
			</w:pPr>
		</w:p>
		<w:p w14:paraId="419204D2" w14:textId="77777777" w:rsidR="00B74F89" w:rsidRPr="007740D9" w:rsidRDefault="00B74F89" w:rsidP="002F3094">
			<w:pPr>
				<w:pStyle w:val="Body"/>
				<w:ind w:left="709"/>
				<w:jc w:val="left"/>
				<w:rPr>
					<w:b/>
					<w:sz w:val="60"/>
					<w:szCs w:val="60"/>
				</w:rPr>
			</w:pPr>
			<w:r>
				<w:rPr>
					<w:b/>
					<w:sz w:val="60"/>
					<w:szCs w:val="60"/>
				</w:rPr>
				<w:t xml:space="preserve">2021 ISDA Interest Rate Derivatives Definitions</w:t>
			</w:r>
		</w:p>
		<w:p w14:paraId="19CFD15F" w14:textId="77777777" w:rsidR="00B74F89" w:rsidRDefault="00B74F89" w:rsidP="00B74F89">
			<w:pPr>
				<w:rPr>
					<w:b/>
				</w:rPr>
			</w:pPr>
		</w:p>
		<w:p w14:paraId="549FDE43" w14:textId="77777777" w:rsidR="00B74F89" w:rsidRDefault="00B74F89" w:rsidP="00B74F89">
			<w:pPr>
				<w:rPr>
					<w:b/>
				</w:rPr>
			</w:pPr>
		</w:p>
		<w:p w14:paraId="141E8563" w14:textId="77777777" w:rsidR="00B74F89" w:rsidRDefault="00B74F89" w:rsidP="00B74F89">
			<w:pPr>
				<w:rPr>
					<w:b/>
				</w:rPr>
			</w:pPr>
			<w:r>
				<w:rPr>
					<w:b/>
					<w:noProof/>
				</w:rPr>
				<mc:AlternateContent>
					<mc:Choice Requires="wps">
						<w:drawing>
							<wp:anchor distT="0" distB="0" distL="114300" distR="114300" simplePos="0" relativeHeight="251660288" behindDoc="0" locked="0" layoutInCell="1" allowOverlap="1" wp14:anchorId="71C66E28" wp14:editId="647CDAE2">
								<wp:simplePos x="0" y="0"/>
								<wp:positionH relativeFrom="margin">
									<wp:align>center</wp:align>
								</wp:positionH>
								<wp:positionV relativeFrom="paragraph">
									<wp:posOffset>114935</wp:posOffset>
								</wp:positionV>
								<wp:extent cx="5076825" cy="9525"/>
								<wp:effectExtent l="0" t="0" r="28575" b="28575"/>
								<wp:wrapNone/>
								<wp:docPr id="5" name="Straight Connector 5"/>
								<wp:cNvGraphicFramePr/>
								<a:graphic xmlns:a="http://schemas.openxmlformats.org/drawingml/2006/main">
									<a:graphicData uri="http://schemas.microsoft.com/office/word/2010/wordprocessingShape">
										<wps:wsp>
											<wps:cNvCnPr/>
											<wps:spPr>
												<a:xfrm flipV="1">
													<a:off x="0" y="0"/>
													<a:ext cx="5076825" cy="9525"/>
												</a:xfrm>
												<a:prstGeom prst="line">
													<a:avLst/>
												</a:prstGeom>
												<a:ln>
													<a:solidFill>
														<a:schemeClr val="tx1"/>
													</a:solidFill>
												</a:ln>
											</wps:spPr>
											<wps:style>
												<a:lnRef idx="1">
													<a:schemeClr val="accent1"/>
												</a:lnRef>
												<a:fillRef idx="0">
													<a:schemeClr val="accent1"/>
												</a:fillRef>
												<a:effectRef idx="0">
													<a:schemeClr val="accent1"/>
												</a:effectRef>
												<a:fontRef idx="minor">
													<a:schemeClr val="tx1"/>
												</a:fontRef>
											</wps:style>
											<wps:bodyPr/>
										</wps:wsp>
									</a:graphicData>
								</a:graphic>
								<wp14:sizeRelH relativeFrom="margin">
									<wp14:pctWidth>0</wp14:pctWidth>
								</wp14:sizeRelH>
								<wp14:sizeRelV relativeFrom="margin">
									<wp14:pctHeight>0</wp14:pctHeight>
								</wp14:sizeRelV>
							</wp:anchor>
						</w:drawing>
					</mc:Choice>
					<mc:Fallback>
						<w:pict>
							<v:line w14:anchorId="62EB625F" id="Straight Connector 5" o:spid="_x0000_s1026" style="position:absolute;flip:y;z-index:251660288;visibility:visible;mso-wrap-style:square;mso-width-percent:0;mso-height-percent:0;mso-wrap-distance-left:9pt;mso-wrap-distance-top:0;mso-wrap-distance-right:9pt;mso-wrap-distance-bottom:0;mso-position-horizontal:center;mso-position-horizontal-relative:margin;mso-position-vertical:absolute;mso-position-vertical-relative:text;mso-width-percent:0;mso-height-percent:0;mso-width-relative:margin;mso-height-relative:margin" from="0,9.05pt" to="399.75pt,9.8pt" o:gfxdata="UEsDBBQABgAIAAAAIQC2gziS/gAAAOEBAAATAAAAW0NvbnRlbnRfVHlwZXNdLnhtbJSRQU7DMBBF&#xA;90jcwfIWJU67QAgl6YK0S0CoHGBkTxKLZGx5TGhvj5O2G0SRWNoz/78nu9wcxkFMGNg6quQqL6RA&#xA;0s5Y6ir5vt9lD1JwBDIwOMJKHpHlpr69KfdHjyxSmriSfYz+USnWPY7AufNIadK6MEJMx9ApD/oD&#xA;OlTrorhX2lFEilmcO2RdNtjC5xDF9pCuTyYBB5bi6bQ4syoJ3g9WQ0ymaiLzg5KdCXlKLjvcW893&#xA;SUOqXwnz5DrgnHtJTxOsQfEKIT7DmDSUCaxw7Rqn8787ZsmRM9e2VmPeBN4uqYvTtW7jvijg9N/y&#xA;JsXecLq0q+WD6m8AAAD//wMAUEsDBBQABgAIAAAAIQA4/SH/1gAAAJQBAAALAAAAX3JlbHMvLnJl&#xA;bHOkkMFqwzAMhu+DvYPRfXGawxijTi+j0GvpHsDYimMaW0Yy2fr2M4PBMnrbUb/Q94l/f/hMi1qR&#xA;JVI2sOt6UJgd+ZiDgffL8ekFlFSbvV0oo4EbChzGx4f9GRdb25HMsYhqlCwG5lrLq9biZkxWOiqY&#xA;22YiTra2kYMu1l1tQD30/bPm3wwYN0x18gb45AdQl1tp5j/sFB2T0FQ7R0nTNEV3j6o9feQzro1i&#xA;OWA14Fm+Q8a1a8+Bvu/d/dMb2JY5uiPbhG/ktn4cqGU/er3pcvwCAAD//wMAUEsDBBQABgAIAAAA&#xA;IQA6yZUR2gEAABAEAAAOAAAAZHJzL2Uyb0RvYy54bWysU02P0zAQvSPxHyzft0krdVmipnvoarkg&#xA;qFjg7nXGjSV/aWya9N8zdtp0BQgJtBfLH/PezHsz3tyP1rAjYNTetXy5qDkDJ32n3aHl374+3txx&#xA;FpNwnTDeQctPEPn99u2bzRAaWPnemw6QEYmLzRBa3qcUmqqKsgcr4sIHcPSoPFqR6IiHqkMxELs1&#xA;1aqub6vBYxfQS4iRbh+mR74t/EqBTJ+VipCYaTnVlsqKZX3Oa7XdiOaAIvRanssQ/1GFFdpR0pnq&#xA;QSTBfqD+jcpqiT56lRbS28orpSUUDaRmWf+i5qkXAYoWMieG2ab4erTy03GPTHctX3PmhKUWPSUU&#xA;+tAntvPOkYEe2Tr7NITYUPjO7fF8imGPWfSo0DJldPhOI1BsIGFsLC6fZpdhTEzS5bp+d3u3onSS&#xA;3t6vaUd01cSS2QLG9AG8ZXnTcqNd9kA04vgxpin0EpKvjctr9EZ3j9qYcsjTAzuD7Cio72lcnlO8&#xA;iKKEGVllVZOOsksnAxPrF1DkC9U7KSoTeeUUUoJLF17jKDrDFFUwA+tS9l+B5/gMhTKt/wKeESWz&#xA;d2kGW+08/in71Qo1xV8cmHRnC559dyodLtbQ2JXmnL9InuuX5wK/fuTtTwAAAP//AwBQSwMEFAAG&#xA;AAgAAAAhACuRDhTeAAAABgEAAA8AAABkcnMvZG93bnJldi54bWxMj81OwzAQhO9IvIO1SNyo0yBK&#xA;E+JUCKkV4tZQCXFz4s2PGq+j2E1Tnp7lRI8zs5r5NtvMthcTjr5zpGC5iEAgVc501Cg4fG4f1iB8&#xA;0GR07wgVXNDDJr+9yXRq3Jn2OBWhEVxCPtUK2hCGVEpftWi1X7gBibPajVYHlmMjzajPXG57GUfR&#xA;SlrdES+0esC3FqtjcbIKtmV9+f7Zfb3H9S5ujx+Ph/1URErd382vLyACzuH/GP7wGR1yZirdiYwX&#xA;vQJ+JLC7XoLg9DlJnkCUbCQrkHkmr/HzXwAAAP//AwBQSwECLQAUAAYACAAAACEAtoM4kv4AAADh&#xA;AQAAEwAAAAAAAAAAAAAAAAAAAAAAW0NvbnRlbnRfVHlwZXNdLnhtbFBLAQItABQABgAIAAAAIQA4&#xA;/SH/1gAAAJQBAAALAAAAAAAAAAAAAAAAAC8BAABfcmVscy8ucmVsc1BLAQItABQABgAIAAAAIQA6&#xA;yZUR2gEAABAEAAAOAAAAAAAAAAAAAAAAAC4CAABkcnMvZTJvRG9jLnhtbFBLAQItABQABgAIAAAA&#xA;IQArkQ4U3gAAAAYBAAAPAAAAAAAAAAAAAAAAADQEAABkcnMvZG93bnJldi54bWxQSwUGAAAAAAQA&#xA;BADzAAAAPwUAAAAA&#xA;" strokecolor="black [3213]">
								<w10:wrap anchorx="margin"/>
							</v:line>
						</w:pict>
					</mc:Fallback>
				</mc:AlternateContent>
			</w:r>
		</w:p>
		<w:p w14:paraId="71EFE0A8" w14:textId="77777777" w:rsidR="00B74F89" w:rsidRDefault="00B74F89" w:rsidP="00B74F89">
			<w:pPr>
				<w:rPr>
					<w:b/>
				</w:rPr>
			</w:pPr>
		</w:p>
		<w:p w14:paraId="1A8A87FE" w14:textId="77777777" w:rsidR="007A1456" w:rsidRPr="009547F1" w:rsidRDefault="007A1456" w:rsidP="00B74F89">
			<w:pPr>
				<w:pStyle w:val="Body"/>
				<w:ind w:left="0" w:firstLine="709"/>
				<w:jc w:val="left"/>
				<w:rPr>
					<w:b/>
					<w:bCs/>
					<w:sz w:val="24"/>
					<w:szCs w:val="24"/>
				</w:rPr>
			</w:pPr>
			<w:r w:rsidRPr="009547F1">
				<w:rPr>
					<w:b/>
					<w:bCs/>
					<w:sz w:val="24"/>
					<w:szCs w:val="24"/>
				</w:rPr>
				<w:t>Version 1.0</w:t>
			</w:r>
		</w:p>
		<w:p w14:paraId="4F8FD199" w14:textId="77777777" w:rsidR="007A1456" w:rsidRPr="009547F1" w:rsidRDefault="00EA2C97" w:rsidP="00B74F89">
			<w:pPr>
				<w:pStyle w:val="Body"/>
				<w:ind w:left="0" w:firstLine="709"/>
				<w:jc w:val="left"/>
				<w:rPr>
					<w:b/>
					<w:bCs/>
					<w:sz w:val="24"/>
					<w:szCs w:val="24"/>
				</w:rPr>
			</w:pPr>
			<w:r>
				<w:rPr>
					<w:b/>
					<w:bCs/>
					<w:sz w:val="24"/>
					<w:szCs w:val="24"/>
				</w:rPr>
				<w:t xml:space="preserve">Publication Date: June 11, 2021</w:t>
			</w:r>
		</w:p>
		<w:bookmarkEnd w:id="0"/>
		<w:bookmarkEnd w:id="1"/>
		<w:p>
			<w:r>
				<w:br/>
				<w:br/>
				<w:br/>
				<w:br/>
				<w:br/>
				<w:br/>
				<w:br/>
				<w:br/>
				<w:br/>
				<w:br/>
				<w:br/>
			</w:r>
		</w:p>
		<w:p w14:paraId="39334EB1" w14:textId="77777777" w:rsidR="009547F1" w:rsidRPr="00B74F89" w:rsidRDefault="009547F1" w:rsidP="00B74F89">
			<w:pPr>
				<w:pStyle w:val="Body"/>
				<w:ind w:left="0" w:firstLine="709"/>
				<w:jc w:val="left"/>
				<w:rPr>
					<w:b/>
					<w:sz w:val="28"/>
					<w:szCs w:val="28"/>
				</w:rPr>
			</w:pPr>
			<w:r w:rsidRPr="00B74F89">
				<w:rPr>
					<w:b/>
					<w:bCs/>
					<w:sz w:val="28"/>
					<w:szCs w:val="28"/>
				</w:rPr>
				<w:t xml:space="preserve">International Swaps and Derivatives Association, Inc.</w:t>
			</w:r>
		</w:p>
		<!-- -->
		<w:p>
			<w:r>
				<w:br/>
				<w:br/>
				<w:br/>
				<w:br/>
				<w:br/>
				<w:br/>
				<w:br/>
				<w:br/>
				<w:br/>
				<w:br/>
				<w:br/>
				<w:br/>
				<w:br/>
				<w:br/>
				<w:br/>
				<w:br/>
				<w:br/>
				<w:br/>
				<w:br/>
				<w:br/>
				<w:br/>
				<w:br/>
				<w:br/>
				<w:br/>
				<w:br/>
				<w:br/>
				<w:br/>
				<w:br/>
				<w:br/>
				<w:br/>
				<w:br/>
			</w:r>
		</w:p>
		<w:p w14:paraId="20933CA5" w14:textId="77777777" w:rsidR="00EA2C97" w:rsidRDefault="00EA2C97" w:rsidP="00EA2C97">
			<w:pPr>
			</w:pPr>
			<w:r>
				<w:rPr>
					<w:sz w:val="20"/>
					<w:color w:val="000000"/>
					<w:rFonts w:ascii="Times New Roman" w:hAnsi="Times New Roman"/>
				</w:rPr>
				<w:t>Copyright © 2021 by</w:t>
			</w:r>
		</w:p>
		<w:p w14:paraId="4B8A4A6D" w14:textId="77777777" w:rsidR="00EA2C97" w:rsidRDefault="00EA2C97" w:rsidP="00EA2C97">
			<w:r>
				<w:rPr>
					<w:sz w:val="20"/>
					<w:color w:val="000000"/>
					<w:rFonts w:ascii="Times New Roman" w:hAnsi="Times New Roman"/>
				</w:rPr>
				<w:t xml:space="preserve">International Swaps and Derivatives Association, Inc. </w:t>
			</w:r>
		</w:p>
		<w:p w14:paraId="13561230" w14:textId="77777777" w:rsidR="00EA2C97" w:rsidRDefault="00EA2C97" w:rsidP="00EA2C97">
			<w:r>
				<w:rPr>
					<w:sz w:val="20"/>
					<w:color w:val="000000"/>
					<w:rFonts w:ascii="Times New Roman" w:hAnsi="Times New Roman"/>
				</w:rPr>
				<w:t>10 East 53rd Street</w:t>
			</w:r>
		</w:p>
		<w:p w14:paraId="68048610" w14:textId="77777777" w:rsidR="00EA2C97" w:rsidRDefault="00EA2C97" w:rsidP="00EA2C97">
			<w:r>
				<w:rPr>
					<w:sz w:val="20"/>
					<w:color w:val="000000"/>
					<w:rFonts w:ascii="Times New Roman" w:hAnsi="Times New Roman"/>
				</w:rPr>
				<w:t>9th Floor</w:t>
			</w:r>
		</w:p>
		<w:p w14:paraId="109810B9" w14:textId="77777777" w:rsidR="00EA2C97" w:rsidRDefault="00EA2C97" w:rsidP="00EA2C97">
			<w:r>
				<w:rPr>
					<w:sz w:val="20"/>
					<w:color w:val="000000"/>
					<w:rFonts w:ascii="Times New Roman" w:hAnsi="Times New Roman"/>
				</w:rPr>
				<w:t>New York, NY 10022</w:t>
			</w:r>
		</w:p>
		<w:p>
			<w:pPr>
				<w:sectPr>
					<w:pgSz w:w="11900" w:h="16840"/>
					<w:pgMar w:top="1417" w:right="1134" w:bottom="1417" w:left="1134" w:header="1049" w:footer="0" w:gutter="0"/>
					<w:footerReference w:type="default" r:id="rId13"/>
					<w:headerReference r:id="rId8" w:type="default"/>
				</w:sectPr>
			</w:pPr>
		</w:p>
</w:body>