<w:body xmlns:wpc="http://schemas.microsoft.com/office/word/2010/wordprocessingCanvas" xmlns:cx="http://schemas.microsoft.com/office/drawing/2014/chartex" xmlns:cx1="http://schemas.microsoft.com/office/drawing/2015/9/8/chartex" xmlns:cx2="http://schemas.microsoft.com/office/drawing/2015/10/21/chartex" xmlns:cx3="http://schemas.microsoft.com/office/drawing/2016/5/9/chartex" xmlns:cx4="http://schemas.microsoft.com/office/drawing/2016/5/10/chartex" xmlns:cx5="http://schemas.microsoft.com/office/drawing/2016/5/11/chartex" xmlns:cx6="http://schemas.microsoft.com/office/drawing/2016/5/12/chartex" xmlns:cx7="http://schemas.microsoft.com/office/drawing/2016/5/13/chartex" xmlns:cx8="http://schemas.microsoft.com/office/drawing/2016/5/14/chartex" xmlns:mc="http://schemas.openxmlformats.org/markup-compatibility/2006" xmlns:aink="http://schemas.microsoft.com/office/drawing/2016/ink" xmlns:am3d="http://schemas.microsoft.com/office/drawing/2017/model3d" xmlns:o="urn:schemas-microsoft-com:office:office" xmlns:r="http://schemas.openxmlformats.org/officeDocument/2006/relationships" xmlns:m="http://schemas.openxmlformats.org/officeDocument/2006/math" xmlns:v="urn:schemas-microsoft-com:vml" xmlns:wp14="http://schemas.microsoft.com/office/word/2010/wordprocessingDrawing" xmlns:wp="http://schemas.openxmlformats.org/drawingml/2006/wordprocessingDrawing" xmlns:w10="urn:schemas-microsoft-com:office:word" xmlns:w="http://schemas.openxmlformats.org/wordprocessingml/2006/main" xmlns:w14="http://schemas.microsoft.com/office/word/2010/wordml" xmlns:w15="http://schemas.microsoft.com/office/word/2012/wordml" xmlns:w16cid="http://schemas.microsoft.com/office/word/2016/wordml/cid" xmlns:w16se="http://schemas.microsoft.com/office/word/2015/wordml/symex" xmlns:wpg="http://schemas.microsoft.com/office/word/2010/wordprocessingGroup" xmlns:wpi="http://schemas.microsoft.com/office/word/2010/wordprocessingInk" xmlns:wne="http://schemas.microsoft.com/office/word/2006/wordml" xmlns:wps="http://schemas.microsoft.com/office/word/2010/wordprocessingShape" mc:Ignorable="w14 w15 w16se w16cid wp14">
	<w:p w14:paraId="49C25408" w14:textId="2C78A0FE" w:rsidR="007672C1" w:rsidRDefault="00D841FA">
			<w:r w:rsidRPr="00870D47">
				<w:rPr>
					<w:rFonts w:cs="Arial"/>
					<w:noProof/>
				</w:rPr>
				<w:drawing>
					<wp:inline distT="0" distB="0" distL="0" distR="0" wp14:anchorId="2AC4EADE" wp14:editId="5F732222">
						<wp:extent cx="2308225" cy="577215"/>
						<wp:effectExtent l="0" t="0" r="0" b="0"/>
						<wp:docPr id="3" name="Picture 3" descr="C:\Users\mwatt\Desktop\ISDA logo.png"/>
						<wp:cNvGraphicFramePr>
							<a:graphicFrameLocks xmlns:a="http://schemas.openxmlformats.org/drawingml/2006/main" noChangeAspect="1"/>
						</wp:cNvGraphicFramePr>
						<a:graphic xmlns:a="http://schemas.openxmlformats.org/drawingml/2006/main">
							<a:graphicData uri="http://schemas.openxmlformats.org/drawingml/2006/picture">
								<pic:pic xmlns:pic="http://schemas.openxmlformats.org/drawingml/2006/picture">
									<pic:nvPicPr>
										<pic:cNvPr id="0" name="Picture 1" descr="C:\Users\mwatt\Desktop\ISDA logo.png"/>
										<pic:cNvPicPr>
											<a:picLocks noChangeAspect="1" noChangeArrowheads="1"/>
										</pic:cNvPicPr>
									</pic:nvPicPr>
									<pic:blipFill>
										<a:blip r:embed="rId_ISDA_L_3">
											<a:extLst>
												<a:ext uri="{28A0092B-C50C-407E-A947-70E740481C1C}">
													<a14:useLocalDpi xmlns:a14="http://schemas.microsoft.com/office/drawing/2010/main" val="0"/>
												</a:ext>
											</a:extLst>
										</a:blip>
										<a:srcRect/>
										<a:stretch>
											<a:fillRect/>
										</a:stretch>
									</pic:blipFill>
									<pic:spPr bwMode="auto">
										<a:xfrm>
											<a:off x="0" y="0"/>
											<a:ext cx="2308225" cy="577215"/>
										</a:xfrm>
										<a:prstGeom prst="rect">
											<a:avLst/>
										</a:prstGeom>
										<a:noFill/>
										<a:ln>
											<a:noFill/>
										</a:ln>
									</pic:spPr>
								</pic:pic>
							</a:graphicData>
						</a:graphic>
					</wp:inline>
				</w:drawing>
			</w:r>
			<w:r w:rsidR="00106C96">
				<w:rPr>
					<w:rFonts w:ascii="Times New Roman" w:hAnsi="Times New Roman"/>
					<w:color w:val="3366CC"/>
					<w:sz w:val="20"/>
				</w:rPr>
				<w:br/>
			</w:r>
			<w:r w:rsidR="00106C96">
				<w:rPr>
					<w:rFonts w:ascii="Times New Roman" w:hAnsi="Times New Roman"/>
					<w:color w:val="3366CC"/>
					<w:sz w:val="20"/>
				</w:rPr>
				<w:br/>
			</w:r>
			<w:r w:rsidR="00106C96">
				<w:rPr>
					<w:rFonts w:ascii="Times New Roman" w:hAnsi="Times New Roman"/>
					<w:color w:val="3366CC"/>
					<w:sz w:val="20"/>
				</w:rPr>
				<w:br/>
			</w:r>
			<w:r w:rsidR="00106C96">
				<w:rPr>
					<w:rFonts w:ascii="Times New Roman" w:hAnsi="Times New Roman"/>
					<w:color w:val="3366CC"/>
					<w:sz w:val="20"/>
				</w:rPr>
				<w:br/>
			</w:r>
			<w:r w:rsidR="00106C96">
				<w:rPr>
					<w:rFonts w:ascii="Times New Roman" w:hAnsi="Times New Roman"/>
					<w:color w:val="3366CC"/>
					<w:sz w:val="20"/>
				</w:rPr>
				<w:br/>
			</w:r>
			<w:r w:rsidR="00106C96">
				<w:rPr>
					<w:rFonts w:ascii="Times New Roman" w:hAnsi="Times New Roman"/>
					<w:color w:val="3366CC"/>
					<w:sz w:val="20"/>
				</w:rPr>
				<w:br/>
			</w:r>
			<w:r w:rsidR="00106C96">
				<w:rPr>
					<w:rFonts w:ascii="Times New Roman" w:hAnsi="Times New Roman"/>
					<w:color w:val="3366CC"/>
					<w:sz w:val="20"/>
				</w:rPr>
				<w:br/>
			</w:r>
			<w:r w:rsidR="00106C96">
				<w:rPr>
					<w:rFonts w:ascii="Times New Roman" w:hAnsi="Times New Roman"/>
					<w:color w:val="3366CC"/>
					<w:sz w:val="20"/>
				</w:rPr>
				<w:br/>
			</w:r>
		</w:p>
		<w:tbl>
			<w:tblPr>
				<w:tblW w:w="0" w:type="auto"/>
				<w:tblBorders>
					<w:top w:val="single" w:sz="12" w:space="4" w:color="000000"/>
				</w:tblBorders>
				<w:tblLook w:val="04A0" w:firstRow="1" w:lastRow="0" w:firstColumn="1" w:lastColumn="0" w:noHBand="0" w:noVBand="1"/>
			</w:tblPr>
			<w:tblGrid>
				<w:gridCol w:w="9560"/>
			</w:tblGrid>
			<w:tr w:rsidR="007672C1" w14:paraId="12D1BEFE" w14:textId="77777777">
				<w:tc>
					<w:tcPr>
						<w:tcW w:w="28800" w:type="dxa"/>
					</w:tcPr>
					<w:p w14:paraId="3F1E91F2" w14:textId="77777777" w:rsidR="007672C1" w:rsidRDefault="007672C1"/>
				</w:tc>
			</w:tr>
		</w:tbl>
		<w:p w14:paraId="1398D418" w14:textId="77777777" w:rsidR="007672C1" w:rsidRDefault="00106C96">
			<w:pPr>
				<w:jc w:val="left"/>
			</w:pPr>
			<w:r>
				<w:rPr>
					<w:b/>
					<w:color w:val="000000"/>
					<w:sz w:val="72"/>
				</w:rPr>
				<w:t>The ISDA Clause Library –</w:t>
			</w:r>
			<w:r>
				<w:rPr>
					<w:b/>
					<w:color w:val="000000"/>
					<w:sz w:val="72"/>
				</w:rPr>
				<w:br/>
			</w:r>
			<w:r>
				<w:rPr>
					<w:b/>
					<w:color w:val="000000"/>
					<w:sz w:val="72"/>
				</w:rPr>
				<w:br/>
				<w:t>ISDA Master Agreement</w:t>
			</w:r>
			<w:r>
				<w:rPr>
					<w:b/>
					<w:color w:val="000000"/>
					<w:sz w:val="72"/>
				</w:rPr>
				<w:br/>
			</w:r>
			<w:r>
				<w:rPr>
					<w:b/>
					<w:color w:val="000000"/>
					<w:sz w:val="72"/>
				</w:rPr>
				<w:br/>
				<w:t>(Version 1.01)</w:t>
			</w:r>
			<w:r>
				<w:rPr>
					<w:b/>
					<w:color w:val="000000"/>
					<w:sz w:val="72"/>
				</w:rPr>
				<w:br/>
			</w:r>
		</w:p>
		<w:tbl>
			<w:tblPr>
				<w:tblW w:w="0" w:type="auto"/>
				<w:tblBorders>
					<w:top w:val="single" w:sz="12" w:space="4" w:color="000000"/>
				</w:tblBorders>
				<w:tblLook w:val="04A0" w:firstRow="1" w:lastRow="0" w:firstColumn="1" w:lastColumn="0" w:noHBand="0" w:noVBand="1"/>
			</w:tblPr>
			<w:tblGrid>
				<w:gridCol w:w="9560"/>
			</w:tblGrid>
			<w:tr w:rsidR="007672C1" w14:paraId="3DF2C989" w14:textId="77777777">
				<w:tc>
					<w:tcPr>
						<w:tcW w:w="28800" w:type="dxa"/>
					</w:tcPr>
					<w:p w14:paraId="690D4A93" w14:textId="77777777" w:rsidR="007672C1" w:rsidRDefault="007672C1"/>
				</w:tc>
			</w:tr>
		</w:tbl>
		<w:p w14:paraId="262A6855" w14:textId="77777777" w:rsidR="007672C1" w:rsidRDefault="00106C96">
			<w:r>
				<w:rPr>
					<w:b/>
					<w:color w:val="000000"/>
					<w:sz w:val="24"/>
				</w:rPr>
				<w:t>INTERNATIONAL SWAPS AND DERIVATIVES ASSOCIATION, INC.</w:t>
			</w:r>
		</w:p>
		<w:p w14:paraId="43F15D5F" w14:textId="77777777" w:rsidR="007672C1" w:rsidRDefault="00106C96">
			<w:r>
				<w:br w:type="page"/>
			</w:r>
		</w:p>
</w:body>