<w:body xmlns:wpc="http://schemas.microsoft.com/office/word/2010/wordprocessingCanvas" xmlns:cx="http://schemas.microsoft.com/office/drawing/2014/chartex" xmlns:cx1="http://schemas.microsoft.com/office/drawing/2015/9/8/chartex" xmlns:cx2="http://schemas.microsoft.com/office/drawing/2015/10/21/chartex" xmlns:cx3="http://schemas.microsoft.com/office/drawing/2016/5/9/chartex" xmlns:cx4="http://schemas.microsoft.com/office/drawing/2016/5/10/chartex" xmlns:cx5="http://schemas.microsoft.com/office/drawing/2016/5/11/chartex" xmlns:cx6="http://schemas.microsoft.com/office/drawing/2016/5/12/chartex" xmlns:cx7="http://schemas.microsoft.com/office/drawing/2016/5/13/chartex" xmlns:cx8="http://schemas.microsoft.com/office/drawing/2016/5/14/chartex" xmlns:mc="http://schemas.openxmlformats.org/markup-compatibility/2006" xmlns:aink="http://schemas.microsoft.com/office/drawing/2016/ink" xmlns:am3d="http://schemas.microsoft.com/office/drawing/2017/model3d" xmlns:o="urn:schemas-microsoft-com:office:office" xmlns:r="http://schemas.openxmlformats.org/officeDocument/2006/relationships" xmlns:m="http://schemas.openxmlformats.org/officeDocument/2006/math" xmlns:v="urn:schemas-microsoft-com:vml" xmlns:wp14="http://schemas.microsoft.com/office/word/2010/wordprocessingDrawing" xmlns:wp="http://schemas.openxmlformats.org/drawingml/2006/wordprocessingDrawing" xmlns:w10="urn:schemas-microsoft-com:office:word" xmlns:w="http://schemas.openxmlformats.org/wordprocessingml/2006/main" xmlns:w14="http://schemas.microsoft.com/office/word/2010/wordml" xmlns:w15="http://schemas.microsoft.com/office/word/2012/wordml" xmlns:w16cid="http://schemas.microsoft.com/office/word/2016/wordml/cid" xmlns:w16se="http://schemas.microsoft.com/office/word/2015/wordml/symex" xmlns:wpg="http://schemas.microsoft.com/office/word/2010/wordprocessingGroup" xmlns:wpi="http://schemas.microsoft.com/office/word/2010/wordprocessingInk" xmlns:wne="http://schemas.microsoft.com/office/word/2006/wordml" xmlns:wps="http://schemas.microsoft.com/office/word/2010/wordprocessingShape" mc:Ignorable="w14 w15 w16se w16cid wp14">
<w:p w14:paraId="78903F1F" w14:textId="77777777" w:rsidR="003114A7" w:rsidRPr="003114A7" w:rsidRDefault="003114A7" w:rsidP="003114A7">
						<w:pPr>
							<w:spacing w:before="70"/>
							<w:jc w:val="both"/>
							<w:rPr>
								<w:rFonts w:ascii="Times New Roman" w:eastAsia="Times New Roman" w:hAnsi="Times New Roman" w:cs="Times New Roman"/>
								<w:b/>
								<w:sz w:val="72"/>
							</w:rPr>
						</w:pPr>
						<w:r w:rsidRPr="003114A7">
							<w:rPr>
								<w:rFonts w:ascii="Times New Roman" w:eastAsia="Times New Roman" w:hAnsi="Times New Roman" w:cs="Times New Roman"/>
								<w:b/>
								<w:sz w:val="72"/>
							</w:rPr>
							<w:t>ANNEX A</w:t>
						</w:r>
					</w:p>
					<w:p w14:paraId="50D27595" w14:textId="77777777" w:rsidR="003114A7" w:rsidRPr="003114A7" w:rsidRDefault="003114A7" w:rsidP="003114A7">
						<w:pPr>
							<w:spacing w:before="518"/>
							<w:jc w:val="both"/>
							<w:rPr>
								<w:rFonts w:ascii="Times New Roman" w:eastAsia="Times New Roman" w:hAnsi="Times New Roman" w:cs="Times New Roman"/>
								<w:b/>
								<w:sz w:val="72"/>
							</w:rPr>
						</w:pPr>
						<w:r w:rsidRPr="003114A7">
							<w:rPr>
								<w:rFonts w:ascii="Times New Roman" w:eastAsia="Times New Roman" w:hAnsi="Times New Roman" w:cs="Times New Roman"/>
								<w:b/>
								<w:sz w:val="72"/>
							</w:rPr>
							<w:t>to the</w:t>
						</w:r>
					</w:p>
					<w:p w14:paraId="34F5AF91" w14:textId="77777777" w:rsidR="003114A7" w:rsidRPr="003114A7" w:rsidRDefault="003114A7" w:rsidP="003114A7">
						<w:pPr>
							<w:spacing w:before="516"/>
							<w:jc w:val="both"/>
							<w:rPr>
								<w:rFonts w:ascii="Times New Roman" w:eastAsia="Times New Roman" w:hAnsi="Times New Roman" w:cs="Times New Roman"/>
								<w:b/>
								<w:sz w:val="72"/>
							</w:rPr>
						</w:pPr>
						<w:r w:rsidRPr="003114A7">
							<w:rPr>
								<w:rFonts w:ascii="Times New Roman" w:eastAsia="Times New Roman" w:hAnsi="Times New Roman" w:cs="Times New Roman"/>
								<w:b/>
								<w:sz w:val="72"/>
							</w:rPr>
							<w:t>1998 FX and</w:t>
						</w:r>
					</w:p>
					<w:p w14:paraId="505D30BB" w14:textId="77777777" w:rsidR="003114A7" w:rsidRPr="003114A7" w:rsidRDefault="003114A7" w:rsidP="003114A7">
						<w:pPr>
							<w:spacing w:before="519" w:after="360"/>
							<w:jc w:val="both"/>
							<w:rPr>
								<w:rFonts w:ascii="Times New Roman" w:eastAsia="Times New Roman" w:hAnsi="Times New Roman" w:cs="Times New Roman"/>
								<w:b/>
								<w:sz w:val="72"/>
							</w:rPr>
						</w:pPr>
						<w:r w:rsidRPr="003114A7">
							<w:rPr>
								<w:rFonts w:ascii="Times New Roman" w:eastAsia="Times New Roman" w:hAnsi="Times New Roman" w:cs="Times New Roman"/>
								<w:b/>
								<w:sz w:val="72"/>
							</w:rPr>
							<w:t>Currency Option Definitions</w:t>
						</w:r>
					</w:p>
					<w:p w14:paraId="222354B8" w14:textId="77777777" w:rsidR="003114A7" w:rsidRPr="003114A7" w:rsidRDefault="003114A7" w:rsidP="003114A7">
						<w:pPr>
							<w:spacing w:before="9"/>
							<w:jc w:val="both"/>
							<w:rPr>
								<w:rFonts w:ascii="Times New Roman" w:eastAsia="Times New Roman" w:hAnsi="Times New Roman" w:cs="Times New Roman"/>
								<w:sz w:val="25"/>
							</w:rPr>
						</w:pPr>
					</w:p>
	<w:p w14:paraId="0654AA1F" w14:textId="77777777" w:rsidR="003114A7" w:rsidRPr="003114A7" w:rsidRDefault="003114A7" w:rsidP="003114A7">
			<w:pPr>
				<w:widowControl w:val="0"/>
				<w:autoSpaceDE w:val="0"/>
				<w:autoSpaceDN w:val="0"/>
				<w:spacing w:before="9"/>
				<w:jc w:val="both"/>
				<w:rPr>
					<w:rFonts w:ascii="Times New Roman" w:eastAsia="Times New Roman" w:hAnsi="Times New Roman" w:cs="Times New Roman"/>
					<w:sz w:val="25"/>
					<w:szCs w:val="22"/>
				</w:rPr>
			</w:pPr>
		</w:p>
		<w:p w14:paraId="790F27D9" w14:textId="77777777" w:rsidR="003114A7" w:rsidRPr="003114A7" w:rsidRDefault="003114A7" w:rsidP="003114A7">
			<w:pPr>
				<w:widowControl w:val="0"/>
				<w:autoSpaceDE w:val="0"/>
				<w:autoSpaceDN w:val="0"/>
				<w:jc w:val="both"/>
				<w:rPr>
					<w:rFonts w:ascii="Times New Roman" w:eastAsia="Times New Roman" w:hAnsi="Times New Roman" w:cs="Times New Roman"/>
					<w:b/>
					<w:sz w:val="20"/>
					<w:szCs w:val="22"/>
				</w:rPr>
			</w:pPr>
			<w:bookmarkStart w:id="0" w:name="Annex_A_Definitions_Cover_Amended_May_1_"/>
			<w:bookmarkEnd w:id="0"/>
		</w:p>
		<w:p w14:paraId="55789FB3" w14:textId="77777777" w:rsidR="003114A7" w:rsidRPr="003114A7" w:rsidRDefault="003114A7" w:rsidP="003114A7">
			<w:pPr>
				<w:widowControl w:val="0"/>
				<w:autoSpaceDE w:val="0"/>
				<w:autoSpaceDN w:val="0"/>
				<w:jc w:val="both"/>
				<w:rPr>
					<w:rFonts w:ascii="Times New Roman" w:eastAsia="Times New Roman" w:hAnsi="Times New Roman" w:cs="Times New Roman"/>
					<w:b/>
					<w:sz w:val="20"/>
					<w:szCs w:val="22"/>
				</w:rPr>
			</w:pPr>
		</w:p>
		<w:p w14:paraId="0F937736" w14:textId="77777777" w:rsidR="003114A7" w:rsidRPr="003114A7" w:rsidRDefault="003114A7" w:rsidP="003114A7">
			<w:pPr>
				<w:widowControl w:val="0"/>
				<w:autoSpaceDE w:val="0"/>
				<w:autoSpaceDN w:val="0"/>
				<w:spacing w:before="1"/>
				<w:jc w:val="both"/>
				<w:rPr>
					<w:rFonts w:ascii="Times New Roman" w:eastAsia="Times New Roman" w:hAnsi="Times New Roman" w:cs="Times New Roman"/>
					<w:b/>
					<w:sz w:val="22"/>
					<w:szCs w:val="22"/>
				</w:rPr>
			</w:pPr>
		</w:p>
		<w:p w14:paraId="27511CA6" w14:textId="77777777" w:rsidR="003114A7" w:rsidRPr="003114A7" w:rsidRDefault="003114A7" w:rsidP="003114A7">
			<w:pPr>
				<w:widowControl w:val="0"/>
				<w:autoSpaceDE w:val="0"/>
				<w:autoSpaceDN w:val="0"/>
				<w:spacing w:before="85"/>
				<w:jc w:val="both"/>
				<w:rPr>
					<w:rFonts w:ascii="Times New Roman" w:eastAsia="Times New Roman" w:hAnsi="Times New Roman" w:cs="Times New Roman"/>
					<w:sz w:val="36"/>
					<w:szCs w:val="22"/>
				</w:rPr>
			</w:pPr>
			<w:r w:rsidRPr="003114A7">
				<w:rPr>
					<w:rFonts w:ascii="Times New Roman" w:eastAsia="Times New Roman" w:hAnsi="Times New Roman" w:cs="Times New Roman"/>
					<w:sz w:val="36"/>
					<w:szCs w:val="22"/>
				</w:rPr>
				<w:t>Amended and Restated November 19, 2017</w:t>
			</w:r>
		</w:p>
		<w:p w14:paraId="6DC4D176" w14:textId="77777777" w:rsidR="003114A7" w:rsidRPr="003114A7" w:rsidRDefault="003114A7" w:rsidP="003114A7">
			<w:pPr>
				<w:widowControl w:val="0"/>
				<w:autoSpaceDE w:val="0"/>
				<w:autoSpaceDN w:val="0"/>
				<w:spacing w:before="1"/>
				<w:jc w:val="both"/>
				<w:rPr>
					<w:rFonts w:ascii="Times New Roman" w:eastAsia="Times New Roman" w:hAnsi="Times New Roman" w:cs="Times New Roman"/>
					<w:sz w:val="36"/>
					<w:szCs w:val="22"/>
				</w:rPr>
			</w:pPr>
			<w:r w:rsidRPr="003114A7">
				<w:rPr>
					<w:rFonts w:ascii="Times New Roman" w:eastAsia="Times New Roman" w:hAnsi="Times New Roman" w:cs="Times New Roman"/>
					<w:sz w:val="36"/>
					<w:szCs w:val="22"/>
				</w:rPr>
				<w:t>Amended February 23, 2022</w:t>
			</w:r>
		</w:p>
		<w:p w14:paraId="32A48ECF" w14:textId="77777777" w:rsidR="003114A7" w:rsidRPr="003114A7" w:rsidRDefault="003114A7" w:rsidP="003114A7">
			<w:pPr>
				<w:widowControl w:val="0"/>
				<w:autoSpaceDE w:val="0"/>
				<w:autoSpaceDN w:val="0"/>
				<w:jc w:val="both"/>
				<w:rPr>
					<w:rFonts w:ascii="Times New Roman" w:eastAsia="Times New Roman" w:hAnsi="Times New Roman" w:cs="Times New Roman"/>
					<w:sz w:val="20"/>
					<w:szCs w:val="22"/>
				</w:rPr>
			</w:pPr>
		</w:p>
		<w:p w14:paraId="6E076740" w14:textId="77777777" w:rsidR="003114A7" w:rsidRPr="003114A7" w:rsidRDefault="003114A7" w:rsidP="003114A7">
			<w:pPr>
				<w:widowControl w:val="0"/>
				<w:autoSpaceDE w:val="0"/>
				<w:autoSpaceDN w:val="0"/>
				<w:jc w:val="both"/>
				<w:rPr>
					<w:rFonts w:ascii="Times New Roman" w:eastAsia="Times New Roman" w:hAnsi="Times New Roman" w:cs="Times New Roman"/>
					<w:sz w:val="20"/>
					<w:szCs w:val="22"/>
				</w:rPr>
			</w:pPr>
		</w:p>
		<w:p w14:paraId="2D10EA1A" w14:textId="77777777" w:rsidR="003114A7" w:rsidRPr="003114A7" w:rsidRDefault="003114A7" w:rsidP="003114A7">
			<w:pPr>
				<w:widowControl w:val="0"/>
				<w:autoSpaceDE w:val="0"/>
				<w:autoSpaceDN w:val="0"/>
				<w:jc w:val="both"/>
				<w:rPr>
					<w:rFonts w:ascii="Times New Roman" w:eastAsia="Times New Roman" w:hAnsi="Times New Roman" w:cs="Times New Roman"/>
					<w:sz w:val="20"/>
					<w:szCs w:val="22"/>
				</w:rPr>
			</w:pPr>
		</w:p>
		<w:p w14:paraId="7CF1B7FD" w14:textId="77777777" w:rsidR="003114A7" w:rsidRPr="003114A7" w:rsidRDefault="003114A7" w:rsidP="003114A7">
			<w:pPr>
				<w:widowControl w:val="0"/>
				<w:autoSpaceDE w:val="0"/>
				<w:autoSpaceDN w:val="0"/>
				<w:jc w:val="both"/>
				<w:rPr>
					<w:rFonts w:ascii="Times New Roman" w:eastAsia="Times New Roman" w:hAnsi="Times New Roman" w:cs="Times New Roman"/>
					<w:sz w:val="20"/>
					<w:szCs w:val="22"/>
				</w:rPr>
			</w:pPr>
		</w:p>
		<w:p w14:paraId="602C6F3A" w14:textId="77777777" w:rsidR="003114A7" w:rsidRPr="003114A7" w:rsidRDefault="003114A7" w:rsidP="003114A7">
			<w:pPr>
				<w:widowControl w:val="0"/>
				<w:autoSpaceDE w:val="0"/>
				<w:autoSpaceDN w:val="0"/>
				<w:jc w:val="both"/>
				<w:rPr>
					<w:rFonts w:ascii="Times New Roman" w:eastAsia="Times New Roman" w:hAnsi="Times New Roman" w:cs="Times New Roman"/>
					<w:sz w:val="20"/>
					<w:szCs w:val="22"/>
				</w:rPr>
			</w:pPr>
		</w:p>
		<w:p w14:paraId="23B3E9E6" w14:textId="77777777" w:rsidR="003114A7" w:rsidRPr="003114A7" w:rsidRDefault="003114A7" w:rsidP="003114A7">
			<w:pPr>
				<w:widowControl w:val="0"/>
				<w:autoSpaceDE w:val="0"/>
				<w:autoSpaceDN w:val="0"/>
				<w:spacing w:after="120"/>
				<w:jc w:val="both"/>
				<w:rPr>
					<w:rFonts w:ascii="Times New Roman" w:eastAsia="Times New Roman" w:hAnsi="Times New Roman" w:cs="Times New Roman"/>
					<w:sz w:val="16"/>
					<w:szCs w:val="22"/>
				</w:rPr>
			</w:pPr>
			<w:r w:rsidRPr="003114A7">
				<w:rPr>
					<w:rFonts w:ascii="Times New Roman" w:eastAsia="Times New Roman" w:hAnsi="Times New Roman" w:cs="Times New Roman"/>
					<w:noProof/>
					<w:sz w:val="16"/>
					<w:szCs w:val="22"/>
				</w:rPr>
				<w:drawing>
					<wp:inline distT="0" distB="0" distL="0" distR="0" wp14:anchorId="049A623C" wp14:editId="31B755D7">
						<wp:extent cx="1161080" cy="287080"/>
						<wp:effectExtent l="0" t="0" r="0" b="0"/>
						<wp:docPr id="1" name="Picture 1"/>
						<wp:cNvGraphicFramePr>
							<a:graphicFrameLocks xmlns:a="http://schemas.openxmlformats.org/drawingml/2006/main" noChangeAspect="1"/>
						</wp:cNvGraphicFramePr>
						<a:graphic xmlns:a="http://schemas.openxmlformats.org/drawingml/2006/main">
							<a:graphicData uri="http://schemas.openxmlformats.org/drawingml/2006/picture">
								<pic:pic xmlns:pic="http://schemas.openxmlformats.org/drawingml/2006/picture">
									<pic:nvPicPr>
										<pic:cNvPr id="1" name=""/>
										<pic:cNvPicPr/>
									</pic:nvPicPr>
									<pic:blipFill>
										<a:blip r:embed="rId_ISDA_L_2"/>
										<a:stretch>
											<a:fillRect/>
										</a:stretch>
									</pic:blipFill>
									<pic:spPr>
										<a:xfrm>
											<a:off x="0" y="0"/>
											<a:ext cx="1281392" cy="316827"/>
										</a:xfrm>
										<a:prstGeom prst="rect">
											<a:avLst/>
										</a:prstGeom>
									</pic:spPr>
								</pic:pic>
							</a:graphicData>
						</a:graphic>
					</wp:inline>
				</w:drawing>
			</w:r>
		</w:p>
		<w:p w14:paraId="4820F0A0" w14:textId="77777777" w:rsidR="003114A7" w:rsidRPr="003114A7" w:rsidRDefault="003114A7" w:rsidP="003114A7">
			<w:pPr>
				<w:widowControl w:val="0"/>
				<w:autoSpaceDE w:val="0"/>
				<w:autoSpaceDN w:val="0"/>
				<w:jc w:val="both"/>
				<w:rPr>
					<w:rFonts w:ascii="Times New Roman" w:eastAsia="Times New Roman" w:hAnsi="Times New Roman" w:cs="Times New Roman"/>
					<w:b/>
					<w:bCs/>
				</w:rPr>
			</w:pPr>
			<w:bookmarkStart w:id="1" w:name="INTERNATIONAL_SWAPS_AND_DERIVATIVES_ASSO"/>
			<w:bookmarkEnd w:id="1"/>
			<w:r w:rsidRPr="003114A7">
				<w:rPr>
					<w:rFonts w:ascii="Times New Roman" w:eastAsia="Times New Roman" w:hAnsi="Times New Roman" w:cs="Times New Roman"/>
					<w:b/>
					<w:bCs/>
				</w:rPr>
				<w:t>INTERNATIONAL SWAPS AND DERIVATIVES ASSOCIATION, INC.</w:t>
			</w:r>
		</w:p>
		<w:p w14:paraId="32BBFC53" w14:textId="77777777" w:rsidR="003114A7" w:rsidRPr="003114A7" w:rsidRDefault="003114A7" w:rsidP="003114A7">
			<w:pPr>
				<w:widowControl w:val="0"/>
				<w:autoSpaceDE w:val="0"/>
				<w:autoSpaceDN w:val="0"/>
				<w:jc w:val="both"/>
				<w:rPr>
					<w:rFonts w:ascii="Times New Roman" w:eastAsia="Times New Roman" w:hAnsi="Times New Roman" w:cs="Times New Roman"/>
					<w:sz w:val="22"/>
					<w:szCs w:val="22"/>
				</w:rPr>
			</w:pPr>
		</w:p>
		<w:p w14:paraId="70CBB997" w14:textId="77777777" w:rsidR="003114A7" w:rsidRPr="003114A7" w:rsidRDefault="003114A7" w:rsidP="003114A7">
			<w:pPr>
				<w:widowControl w:val="0"/>
				<w:autoSpaceDE w:val="0"/>
				<w:autoSpaceDN w:val="0"/>
				<w:jc w:val="both"/>
				<w:rPr>
					<w:rFonts w:ascii="Times New Roman" w:eastAsia="Times New Roman" w:hAnsi="Times New Roman" w:cs="Times New Roman"/>
					<w:sz w:val="22"/>
					<w:szCs w:val="22"/>
				</w:rPr>
			</w:pPr>
		</w:p>
		<w:p w14:paraId="529BD3F5" w14:textId="77777777" w:rsidR="003114A7" w:rsidRPr="003114A7" w:rsidRDefault="003114A7" w:rsidP="003114A7">
			<w:pPr>
				<w:widowControl w:val="0"/>
				<w:autoSpaceDE w:val="0"/>
				<w:autoSpaceDN w:val="0"/>
				<w:jc w:val="both"/>
				<w:rPr>
					<w:rFonts w:ascii="Times New Roman" w:eastAsia="Times New Roman" w:hAnsi="Times New Roman" w:cs="Times New Roman"/>
					<w:sz w:val="48"/>
					<w:szCs w:val="48"/>
				</w:rPr>
			</w:pPr>
			<w:bookmarkStart w:id="2" w:name="TRADE_ASSOCIATION_FOR_THE_EMERGING_MARKE"/>
			<w:bookmarkEnd w:id="2"/>
			<w:r w:rsidRPr="003114A7">
				<w:rPr>
					<w:rFonts w:ascii="Times New Roman" w:eastAsia="Times New Roman" w:hAnsi="Times New Roman" w:cs="Times New Roman"/>
					<w:sz w:val="48"/>
					<w:szCs w:val="48"/>
				</w:rPr>
				<w:t>EMTA, INC.</w:t>
			</w:r>
		</w:p>
		<w:p w14:paraId="3F1F52D1" w14:textId="77777777" w:rsidR="003114A7" w:rsidRPr="003114A7" w:rsidRDefault="003114A7" w:rsidP="003114A7">
			<w:pPr>
				<w:widowControl w:val="0"/>
				<w:autoSpaceDE w:val="0"/>
				<w:autoSpaceDN w:val="0"/>
				<w:jc w:val="both"/>
				<w:rPr>
					<w:rFonts w:ascii="Times New Roman" w:eastAsia="Times New Roman" w:hAnsi="Times New Roman" w:cs="Times New Roman"/>
					<w:b/>
					<w:bCs/>
				</w:rPr>
			</w:pPr>
			<w:r w:rsidRPr="003114A7">
				<w:rPr>
					<w:rFonts w:ascii="Times New Roman" w:eastAsia="Times New Roman" w:hAnsi="Times New Roman" w:cs="Times New Roman"/>
					<w:b/>
					<w:bCs/>
				</w:rPr>
				<w:t>TRADE ASSOCIATION FOR THE EMERGING MARKETS</w:t>
			</w:r>
		</w:p>
		<w:p w14:paraId="2FB8FC96" w14:textId="77777777" w:rsidR="003114A7" w:rsidRPr="003114A7" w:rsidRDefault="003114A7" w:rsidP="003114A7">
			<w:pPr>
				<w:widowControl w:val="0"/>
				<w:autoSpaceDE w:val="0"/>
				<w:autoSpaceDN w:val="0"/>
				<w:jc w:val="both"/>
				<w:rPr>
					<w:rFonts w:ascii="Times New Roman" w:eastAsia="Times New Roman" w:hAnsi="Times New Roman" w:cs="Times New Roman"/>
					<w:bCs/>
					<w:sz w:val="20"/>
					<w:szCs w:val="22"/>
				</w:rPr>
			</w:pPr>
		</w:p>
		<w:p w14:paraId="66BEC61B" w14:textId="77777777" w:rsidR="003114A7" w:rsidRPr="003114A7" w:rsidRDefault="003114A7" w:rsidP="003114A7">
			<w:pPr>
				<w:widowControl w:val="0"/>
				<w:autoSpaceDE w:val="0"/>
				<w:autoSpaceDN w:val="0"/>
				<w:jc w:val="both"/>
				<w:rPr>
					<w:rFonts w:ascii="Times New Roman" w:eastAsia="Times New Roman" w:hAnsi="Times New Roman" w:cs="Times New Roman"/>
					<w:b/>
					<w:sz w:val="20"/>
					<w:szCs w:val="22"/>
				</w:rPr>
			</w:pPr>
		</w:p>
		<w:p w14:paraId="3FC2DBD1" w14:textId="77777777" w:rsidR="003114A7" w:rsidRPr="003114A7" w:rsidRDefault="003114A7" w:rsidP="003114A7">
			<w:pPr>
				<w:widowControl w:val="0"/>
				<w:autoSpaceDE w:val="0"/>
				<w:autoSpaceDN w:val="0"/>
				<w:jc w:val="both"/>
				<w:rPr>
					<w:rFonts w:ascii="Times New Roman" w:eastAsia="Times New Roman" w:hAnsi="Times New Roman" w:cs="Times New Roman"/>
					<w:b/>
					<w:sz w:val="20"/>
					<w:szCs w:val="22"/>
				</w:rPr>
			</w:pPr>
		</w:p>
		<w:p w14:paraId="3177AAE2" w14:textId="77777777" w:rsidR="003114A7" w:rsidRPr="003114A7" w:rsidRDefault="003114A7" w:rsidP="003114A7">
			<w:pPr>
				<w:widowControl w:val="0"/>
				<w:autoSpaceDE w:val="0"/>
				<w:autoSpaceDN w:val="0"/>
				<w:jc w:val="both"/>
				<w:rPr>
					<w:rFonts w:ascii="Times New Roman" w:eastAsia="Times New Roman" w:hAnsi="Times New Roman" w:cs="Times New Roman"/>
					<w:b/>
					<w:sz w:val="20"/>
					<w:szCs w:val="22"/>
				</w:rPr>
			</w:pPr>
		</w:p>
		<w:p w14:paraId="56E35E4A" w14:textId="77777777" w:rsidR="003114A7" w:rsidRPr="003114A7" w:rsidRDefault="003114A7" w:rsidP="003114A7">
			<w:pPr>
				<w:widowControl w:val="0"/>
				<w:autoSpaceDE w:val="0"/>
				<w:autoSpaceDN w:val="0"/>
				<w:jc w:val="both"/>
				<w:rPr>
					<w:rFonts w:ascii="Times New Roman" w:eastAsia="Times New Roman" w:hAnsi="Times New Roman" w:cs="Times New Roman"/>
					<w:b/>
					<w:sz w:val="20"/>
					<w:szCs w:val="22"/>
				</w:rPr>
			</w:pPr>
		</w:p>
		<w:p w14:paraId="6BA533F1" w14:textId="77777777" w:rsidR="003114A7" w:rsidRPr="003114A7" w:rsidRDefault="003114A7" w:rsidP="003114A7">
			<w:pPr>
				<w:widowControl w:val="0"/>
				<w:autoSpaceDE w:val="0"/>
				<w:autoSpaceDN w:val="0"/>
				<w:jc w:val="both"/>
				<w:rPr>
					<w:rFonts w:ascii="Times New Roman" w:eastAsia="Times New Roman" w:hAnsi="Times New Roman" w:cs="Times New Roman"/>
					<w:b/>
					<w:sz w:val="20"/>
					<w:szCs w:val="22"/>
				</w:rPr>
			</w:pPr>
		</w:p>
		<w:p w14:paraId="3BC69671" w14:textId="77777777" w:rsidR="003114A7" w:rsidRPr="003114A7" w:rsidRDefault="003114A7" w:rsidP="003114A7">
			<w:pPr>
				<w:widowControl w:val="0"/>
				<w:autoSpaceDE w:val="0"/>
				<w:autoSpaceDN w:val="0"/>
				<w:jc w:val="both"/>
				<w:rPr>
					<w:rFonts w:ascii="Times New Roman" w:eastAsia="Times New Roman" w:hAnsi="Times New Roman" w:cs="Times New Roman"/>
					<w:b/>
					<w:sz w:val="20"/>
					<w:szCs w:val="22"/>
				</w:rPr>
			</w:pPr>
		</w:p>
		<w:p w14:paraId="4C864A7C" w14:textId="77777777" w:rsidR="003114A7" w:rsidRPr="003114A7" w:rsidRDefault="003114A7" w:rsidP="003114A7">
			<w:pPr>
				<w:widowControl w:val="0"/>
				<w:autoSpaceDE w:val="0"/>
				<w:autoSpaceDN w:val="0"/>
				<w:jc w:val="both"/>
				<w:rPr>
					<w:rFonts w:ascii="Times New Roman" w:eastAsia="Times New Roman" w:hAnsi="Times New Roman" w:cs="Times New Roman"/>
					<w:b/>
					<w:sz w:val="20"/>
					<w:szCs w:val="22"/>
				</w:rPr>
			</w:pPr>
		</w:p>
		<w:p w14:paraId="56E4644B" w14:textId="77777777" w:rsidR="003114A7" w:rsidRPr="003114A7" w:rsidRDefault="003114A7" w:rsidP="003114A7">
			<w:pPr>
				<w:widowControl w:val="0"/>
				<w:autoSpaceDE w:val="0"/>
				<w:autoSpaceDN w:val="0"/>
				<w:jc w:val="both"/>
				<w:rPr>
					<w:rFonts w:ascii="Times New Roman" w:eastAsia="Times New Roman" w:hAnsi="Times New Roman" w:cs="Times New Roman"/>
					<w:b/>
					<w:sz w:val="20"/>
					<w:szCs w:val="22"/>
				</w:rPr>
			</w:pPr>
		</w:p>
		<w:p w14:paraId="12E864A5" w14:textId="77777777" w:rsidR="003114A7" w:rsidRPr="003114A7" w:rsidRDefault="003114A7" w:rsidP="003114A7">
			<w:pPr>
				<w:widowControl w:val="0"/>
				<w:autoSpaceDE w:val="0"/>
				<w:autoSpaceDN w:val="0"/>
				<w:jc w:val="both"/>
				<w:rPr>
					<w:rFonts w:ascii="Times New Roman" w:eastAsia="Times New Roman" w:hAnsi="Times New Roman" w:cs="Times New Roman"/>
					<w:b/>
					<w:sz w:val="20"/>
					<w:szCs w:val="22"/>
				</w:rPr>
			</w:pPr>
		</w:p>
		<w:p w14:paraId="7869C7C8" w14:textId="77777777" w:rsidR="003114A7" w:rsidRPr="003114A7" w:rsidRDefault="003114A7" w:rsidP="003114A7">
			<w:pPr>
				<w:widowControl w:val="0"/>
				<w:autoSpaceDE w:val="0"/>
				<w:autoSpaceDN w:val="0"/>
				<w:jc w:val="both"/>
				<w:rPr>
					<w:rFonts w:ascii="Times New Roman" w:eastAsia="Times New Roman" w:hAnsi="Times New Roman" w:cs="Times New Roman"/>
					<w:b/>
					<w:sz w:val="20"/>
					<w:szCs w:val="22"/>
				</w:rPr>
			</w:pPr>
		</w:p>
		<w:p w14:paraId="0D224C8E" w14:textId="77777777" w:rsidR="003114A7" w:rsidRPr="003114A7" w:rsidRDefault="003114A7" w:rsidP="003114A7">
			<w:pPr>
				<w:widowControl w:val="0"/>
				<w:autoSpaceDE w:val="0"/>
				<w:autoSpaceDN w:val="0"/>
				<w:jc w:val="both"/>
				<w:rPr>
					<w:rFonts w:ascii="Times New Roman" w:eastAsia="Times New Roman" w:hAnsi="Times New Roman" w:cs="Times New Roman"/>
					<w:b/>
					<w:sz w:val="20"/>
					<w:szCs w:val="22"/>
				</w:rPr>
			</w:pPr>
		</w:p>
		<w:p w14:paraId="77DF91AA" w14:textId="77777777" w:rsidR="003114A7" w:rsidRPr="003114A7" w:rsidRDefault="003114A7" w:rsidP="003114A7">
			<w:pPr>
				<w:widowControl w:val="0"/>
				<w:autoSpaceDE w:val="0"/>
				<w:autoSpaceDN w:val="0"/>
				<w:jc w:val="both"/>
				<w:rPr>
					<w:rFonts w:ascii="Times New Roman" w:eastAsia="Times New Roman" w:hAnsi="Times New Roman" w:cs="Times New Roman"/>
					<w:b/>
					<w:sz w:val="20"/>
					<w:szCs w:val="22"/>
				</w:rPr>
			</w:pPr>
		</w:p>
		<w:p w14:paraId="56E41BCB" w14:textId="77777777" w:rsidR="003114A7" w:rsidRPr="003114A7" w:rsidRDefault="003114A7" w:rsidP="003114A7">
			<w:pPr>
				<w:widowControl w:val="0"/>
				<w:autoSpaceDE w:val="0"/>
				<w:autoSpaceDN w:val="0"/>
				<w:jc w:val="both"/>
				<w:rPr>
					<w:rFonts w:ascii="Times New Roman" w:eastAsia="Times New Roman" w:hAnsi="Times New Roman" w:cs="Times New Roman"/>
					<w:b/>
					<w:sz w:val="20"/>
					<w:szCs w:val="22"/>
				</w:rPr>
			</w:pPr>
		</w:p>
		<w:p w14:paraId="080B3076" w14:textId="77777777" w:rsidR="003114A7" w:rsidRPr="003114A7" w:rsidRDefault="003114A7" w:rsidP="003114A7">
			<w:pPr>
				<w:widowControl w:val="0"/>
				<w:autoSpaceDE w:val="0"/>
				<w:autoSpaceDN w:val="0"/>
				<w:jc w:val="both"/>
				<w:rPr>
					<w:rFonts w:ascii="Times New Roman" w:eastAsia="Times New Roman" w:hAnsi="Times New Roman" w:cs="Times New Roman"/>
					<w:b/>
					<w:sz w:val="20"/>
					<w:szCs w:val="22"/>
				</w:rPr>
			</w:pPr>
		</w:p>
		<w:p w14:paraId="304EE00E" w14:textId="77777777" w:rsidR="003114A7" w:rsidRPr="003114A7" w:rsidRDefault="003114A7" w:rsidP="003114A7">
			<w:pPr>
				<w:widowControl w:val="0"/>
				<w:autoSpaceDE w:val="0"/>
				<w:autoSpaceDN w:val="0"/>
				<w:jc w:val="both"/>
				<w:rPr>
					<w:rFonts w:ascii="Times New Roman" w:eastAsia="Times New Roman" w:hAnsi="Times New Roman" w:cs="Times New Roman"/>
					<w:b/>
					<w:sz w:val="20"/>
					<w:szCs w:val="22"/>
				</w:rPr>
			</w:pPr>
		</w:p>
		<w:p w14:paraId="5CF653F9" w14:textId="77777777" w:rsidR="003114A7" w:rsidRPr="003114A7" w:rsidRDefault="003114A7" w:rsidP="003114A7">
			<w:pPr>
				<w:widowControl w:val="0"/>
				<w:autoSpaceDE w:val="0"/>
				<w:autoSpaceDN w:val="0"/>
				<w:jc w:val="both"/>
				<w:rPr>
					<w:rFonts w:ascii="Times New Roman" w:eastAsia="Times New Roman" w:hAnsi="Times New Roman" w:cs="Times New Roman"/>
					<w:b/>
					<w:sz w:val="20"/>
					<w:szCs w:val="22"/>
				</w:rPr>
			</w:pPr>
		</w:p>
		<w:p w14:paraId="71005DF5" w14:textId="77777777" w:rsidR="003114A7" w:rsidRPr="003114A7" w:rsidRDefault="003114A7" w:rsidP="003114A7">
			<w:pPr>
				<w:widowControl w:val="0"/>
				<w:autoSpaceDE w:val="0"/>
				<w:autoSpaceDN w:val="0"/>
				<w:jc w:val="both"/>
				<w:rPr>
					<w:rFonts w:ascii="Times New Roman" w:eastAsia="Times New Roman" w:hAnsi="Times New Roman" w:cs="Times New Roman"/>
					<w:b/>
					<w:sz w:val="20"/>
					<w:szCs w:val="22"/>
				</w:rPr>
			</w:pPr>
		</w:p>
		<w:p w14:paraId="36216C6D" w14:textId="77777777" w:rsidR="003114A7" w:rsidRPr="003114A7" w:rsidRDefault="003114A7" w:rsidP="003114A7">
			<w:pPr>
				<w:widowControl w:val="0"/>
				<w:autoSpaceDE w:val="0"/>
				<w:autoSpaceDN w:val="0"/>
				<w:jc w:val="both"/>
				<w:rPr>
					<w:rFonts w:ascii="Times New Roman" w:eastAsia="Times New Roman" w:hAnsi="Times New Roman" w:cs="Times New Roman"/>
					<w:b/>
					<w:sz w:val="20"/>
					<w:szCs w:val="22"/>
				</w:rPr>
			</w:pPr>
		</w:p>
		<w:p w14:paraId="3B496525" w14:textId="77777777" w:rsidR="003114A7" w:rsidRPr="003114A7" w:rsidRDefault="003114A7" w:rsidP="003114A7">
			<w:pPr>
				<w:widowControl w:val="0"/>
				<w:autoSpaceDE w:val="0"/>
				<w:autoSpaceDN w:val="0"/>
				<w:jc w:val="both"/>
				<w:rPr>
					<w:rFonts w:ascii="Times New Roman" w:eastAsia="Times New Roman" w:hAnsi="Times New Roman" w:cs="Times New Roman"/>
					<w:b/>
					<w:sz w:val="20"/>
					<w:szCs w:val="22"/>
				</w:rPr>
			</w:pPr>
		</w:p>
		<w:p w14:paraId="09BA043A" w14:textId="77777777" w:rsidR="003114A7" w:rsidRPr="003114A7" w:rsidRDefault="003114A7" w:rsidP="003114A7">
			<w:pPr>
				<w:widowControl w:val="0"/>
				<w:autoSpaceDE w:val="0"/>
				<w:autoSpaceDN w:val="0"/>
				<w:jc w:val="both"/>
				<w:rPr>
					<w:rFonts w:ascii="Times New Roman" w:eastAsia="Times New Roman" w:hAnsi="Times New Roman" w:cs="Times New Roman"/>
					<w:b/>
					<w:sz w:val="20"/>
					<w:szCs w:val="22"/>
				</w:rPr>
			</w:pPr>
		</w:p>
		<w:p w14:paraId="4040D8FF" w14:textId="77777777" w:rsidR="003114A7" w:rsidRPr="003114A7" w:rsidRDefault="003114A7" w:rsidP="003114A7">
			<w:pPr>
				<w:widowControl w:val="0"/>
				<w:autoSpaceDE w:val="0"/>
				<w:autoSpaceDN w:val="0"/>
				<w:jc w:val="both"/>
				<w:rPr>
					<w:rFonts w:ascii="Times New Roman" w:eastAsia="Times New Roman" w:hAnsi="Times New Roman" w:cs="Times New Roman"/>
					<w:b/>
					<w:sz w:val="20"/>
					<w:szCs w:val="22"/>
				</w:rPr>
			</w:pPr>
		</w:p>
		<w:p w14:paraId="12D183C2" w14:textId="77777777" w:rsidR="003114A7" w:rsidRPr="003114A7" w:rsidRDefault="003114A7" w:rsidP="003114A7">
			<w:pPr>
				<w:widowControl w:val="0"/>
				<w:autoSpaceDE w:val="0"/>
				<w:autoSpaceDN w:val="0"/>
				<w:jc w:val="both"/>
				<w:rPr>
					<w:rFonts w:ascii="Times New Roman" w:eastAsia="Times New Roman" w:hAnsi="Times New Roman" w:cs="Times New Roman"/>
					<w:b/>
					<w:sz w:val="20"/>
					<w:szCs w:val="22"/>
				</w:rPr>
			</w:pPr>
		</w:p>
		<w:p w14:paraId="0AB86A25" w14:textId="77777777" w:rsidR="003114A7" w:rsidRPr="003114A7" w:rsidRDefault="003114A7" w:rsidP="003114A7">
			<w:pPr>
				<w:widowControl w:val="0"/>
				<w:autoSpaceDE w:val="0"/>
				<w:autoSpaceDN w:val="0"/>
				<w:jc w:val="both"/>
				<w:rPr>
					<w:rFonts w:ascii="Times New Roman" w:eastAsia="Times New Roman" w:hAnsi="Times New Roman" w:cs="Times New Roman"/>
					<w:b/>
					<w:sz w:val="20"/>
					<w:szCs w:val="22"/>
				</w:rPr>
			</w:pPr>
		</w:p>
		<w:p w14:paraId="5FCCB78D" w14:textId="77777777" w:rsidR="003114A7" w:rsidRPr="003114A7" w:rsidRDefault="003114A7" w:rsidP="003114A7">
			<w:pPr>
				<w:widowControl w:val="0"/>
				<w:autoSpaceDE w:val="0"/>
				<w:autoSpaceDN w:val="0"/>
				<w:jc w:val="both"/>
				<w:rPr>
					<w:rFonts w:ascii="Times New Roman" w:eastAsia="Times New Roman" w:hAnsi="Times New Roman" w:cs="Times New Roman"/>
					<w:b/>
					<w:sz w:val="20"/>
					<w:szCs w:val="22"/>
				</w:rPr>
			</w:pPr>
		</w:p>
		<w:p w14:paraId="4BAA7935" w14:textId="77777777" w:rsidR="003114A7" w:rsidRPr="003114A7" w:rsidRDefault="003114A7" w:rsidP="003114A7">
			<w:pPr>
				<w:widowControl w:val="0"/>
				<w:autoSpaceDE w:val="0"/>
				<w:autoSpaceDN w:val="0"/>
				<w:jc w:val="both"/>
				<w:rPr>
					<w:rFonts w:ascii="Times New Roman" w:eastAsia="Times New Roman" w:hAnsi="Times New Roman" w:cs="Times New Roman"/>
					<w:b/>
					<w:sz w:val="20"/>
					<w:szCs w:val="22"/>
				</w:rPr>
			</w:pPr>
		</w:p>
		<w:p w14:paraId="65F8D00D" w14:textId="77777777" w:rsidR="003114A7" w:rsidRPr="003114A7" w:rsidRDefault="003114A7" w:rsidP="003114A7">
			<w:pPr>
				<w:widowControl w:val="0"/>
				<w:autoSpaceDE w:val="0"/>
				<w:autoSpaceDN w:val="0"/>
				<w:jc w:val="both"/>
				<w:rPr>
					<w:rFonts w:ascii="Times New Roman" w:eastAsia="Times New Roman" w:hAnsi="Times New Roman" w:cs="Times New Roman"/>
					<w:b/>
					<w:sz w:val="20"/>
					<w:szCs w:val="22"/>
				</w:rPr>
			</w:pPr>
		</w:p>
		<w:p w14:paraId="15526ED9" w14:textId="77777777" w:rsidR="003114A7" w:rsidRPr="003114A7" w:rsidRDefault="003114A7" w:rsidP="003114A7">
			<w:pPr>
				<w:widowControl w:val="0"/>
				<w:autoSpaceDE w:val="0"/>
				<w:autoSpaceDN w:val="0"/>
				<w:jc w:val="both"/>
				<w:rPr>
					<w:rFonts w:ascii="Times New Roman" w:eastAsia="Times New Roman" w:hAnsi="Times New Roman" w:cs="Times New Roman"/>
					<w:b/>
					<w:sz w:val="20"/>
					<w:szCs w:val="22"/>
				</w:rPr>
			</w:pPr>
		</w:p>
		<w:p w14:paraId="1673326F" w14:textId="77777777" w:rsidR="003114A7" w:rsidRPr="003114A7" w:rsidRDefault="003114A7" w:rsidP="003114A7">
			<w:pPr>
				<w:widowControl w:val="0"/>
				<w:autoSpaceDE w:val="0"/>
				<w:autoSpaceDN w:val="0"/>
				<w:jc w:val="both"/>
				<w:rPr>
					<w:rFonts w:ascii="Times New Roman" w:eastAsia="Times New Roman" w:hAnsi="Times New Roman" w:cs="Times New Roman"/>
					<w:b/>
					<w:sz w:val="20"/>
					<w:szCs w:val="22"/>
				</w:rPr>
			</w:pPr>
		</w:p>
		<w:p w14:paraId="5C627742" w14:textId="77777777" w:rsidR="003114A7" w:rsidRPr="003114A7" w:rsidRDefault="003114A7" w:rsidP="003114A7">
			<w:pPr>
				<w:widowControl w:val="0"/>
				<w:autoSpaceDE w:val="0"/>
				<w:autoSpaceDN w:val="0"/>
				<w:jc w:val="both"/>
				<w:rPr>
					<w:rFonts w:ascii="Times New Roman" w:eastAsia="Times New Roman" w:hAnsi="Times New Roman" w:cs="Times New Roman"/>
					<w:b/>
					<w:sz w:val="20"/>
					<w:szCs w:val="22"/>
				</w:rPr>
			</w:pPr>
		</w:p>
		<w:p w14:paraId="4885FBE3" w14:textId="77777777" w:rsidR="003114A7" w:rsidRPr="003114A7" w:rsidRDefault="003114A7" w:rsidP="003114A7">
			<w:pPr>
				<w:widowControl w:val="0"/>
				<w:autoSpaceDE w:val="0"/>
				<w:autoSpaceDN w:val="0"/>
				<w:jc w:val="both"/>
				<w:rPr>
					<w:rFonts w:ascii="Times New Roman" w:eastAsia="Times New Roman" w:hAnsi="Times New Roman" w:cs="Times New Roman"/>
					<w:b/>
					<w:sz w:val="20"/>
					<w:szCs w:val="22"/>
				</w:rPr>
			</w:pPr>
		</w:p>
		<w:p w14:paraId="571D164B" w14:textId="77777777" w:rsidR="003114A7" w:rsidRPr="003114A7" w:rsidRDefault="003114A7" w:rsidP="003114A7">
			<w:pPr>
				<w:widowControl w:val="0"/>
				<w:autoSpaceDE w:val="0"/>
				<w:autoSpaceDN w:val="0"/>
				<w:jc w:val="both"/>
				<w:rPr>
					<w:rFonts w:ascii="Times New Roman" w:eastAsia="Times New Roman" w:hAnsi="Times New Roman" w:cs="Times New Roman"/>
					<w:b/>
					<w:sz w:val="20"/>
					<w:szCs w:val="22"/>
				</w:rPr>
			</w:pPr>
		</w:p>
		<w:p w14:paraId="11ED2B7E" w14:textId="77777777" w:rsidR="003114A7" w:rsidRPr="003114A7" w:rsidRDefault="003114A7" w:rsidP="003114A7">
			<w:pPr>
				<w:widowControl w:val="0"/>
				<w:autoSpaceDE w:val="0"/>
				<w:autoSpaceDN w:val="0"/>
				<w:spacing w:before="6"/>
				<w:jc w:val="both"/>
				<w:rPr>
					<w:rFonts w:ascii="Times New Roman" w:eastAsia="Times New Roman" w:hAnsi="Times New Roman" w:cs="Times New Roman"/>
					<w:b/>
					<w:sz w:val="22"/>
					<w:szCs w:val="22"/>
				</w:rPr>
			</w:pPr>
		</w:p>
		<w:p w14:paraId="52AA37FF" w14:textId="77777777" w:rsidR="003114A7" w:rsidRPr="003114A7" w:rsidRDefault="003114A7" w:rsidP="003114A7">
			<w:pPr>
				<w:widowControl w:val="0"/>
				<w:autoSpaceDE w:val="0"/>
				<w:autoSpaceDN w:val="0"/>
				<w:spacing w:before="6"/>
				<w:jc w:val="both"/>
				<w:rPr>
					<w:rFonts w:ascii="Times New Roman" w:eastAsia="Times New Roman" w:hAnsi="Times New Roman" w:cs="Times New Roman"/>
					<w:b/>
					<w:sz w:val="22"/>
					<w:szCs w:val="22"/>
				</w:rPr>
			</w:pPr>
		</w:p>
		<w:p w14:paraId="67330674" w14:textId="77777777" w:rsidR="003114A7" w:rsidRPr="003114A7" w:rsidRDefault="003114A7" w:rsidP="003114A7">
			<w:pPr>
				<w:widowControl w:val="0"/>
				<w:autoSpaceDE w:val="0"/>
				<w:autoSpaceDN w:val="0"/>
				<w:spacing w:before="6"/>
				<w:jc w:val="both"/>
				<w:rPr>
					<w:rFonts w:ascii="Times New Roman" w:eastAsia="Times New Roman" w:hAnsi="Times New Roman" w:cs="Times New Roman"/>
					<w:b/>
					<w:sz w:val="22"/>
					<w:szCs w:val="22"/>
				</w:rPr>
			</w:pPr>
		</w:p>
		<w:p w14:paraId="2B8B81A9" w14:textId="77777777" w:rsidR="003114A7" w:rsidRPr="003114A7" w:rsidRDefault="003114A7" w:rsidP="003114A7">
			<w:pPr>
				<w:widowControl w:val="0"/>
				<w:autoSpaceDE w:val="0"/>
				<w:autoSpaceDN w:val="0"/>
				<w:spacing w:before="6"/>
				<w:jc w:val="both"/>
				<w:rPr>
					<w:rFonts w:ascii="Times New Roman" w:eastAsia="Times New Roman" w:hAnsi="Times New Roman" w:cs="Times New Roman"/>
					<w:b/>
					<w:sz w:val="22"/>
					<w:szCs w:val="22"/>
				</w:rPr>
			</w:pPr>
		</w:p>
		<w:p w14:paraId="21F9EAFE" w14:textId="77777777" w:rsidR="003114A7" w:rsidRPr="003114A7" w:rsidRDefault="003114A7" w:rsidP="003114A7">
			<w:pPr>
				<w:widowControl w:val="0"/>
				<w:autoSpaceDE w:val="0"/>
				<w:autoSpaceDN w:val="0"/>
				<w:spacing w:before="6"/>
				<w:jc w:val="both"/>
				<w:rPr>
					<w:rFonts w:ascii="Times New Roman" w:eastAsia="Times New Roman" w:hAnsi="Times New Roman" w:cs="Times New Roman"/>
					<w:b/>
					<w:sz w:val="22"/>
					<w:szCs w:val="22"/>
				</w:rPr>
			</w:pPr>
		</w:p>
		<w:p w14:paraId="0BB8C767" w14:textId="77777777" w:rsidR="003114A7" w:rsidRPr="003114A7" w:rsidRDefault="003114A7" w:rsidP="003114A7">
			<w:pPr>
				<w:widowControl w:val="0"/>
				<w:autoSpaceDE w:val="0"/>
				<w:autoSpaceDN w:val="0"/>
				<w:spacing w:before="92"/>
				<w:jc w:val="both"/>
				<w:rPr>
					<w:rFonts w:ascii="Times New Roman" w:eastAsia="Times New Roman" w:hAnsi="Times New Roman" w:cs="Times New Roman"/>
					<w:sz w:val="22"/>
					<w:szCs w:val="22"/>
				</w:rPr>
			</w:pPr>
			<w:bookmarkStart w:id="3" w:name="Copyright_©_2000-2020_by"/>
			<w:bookmarkEnd w:id="3"/>
			<w:r w:rsidRPr="003114A7">
				<w:rPr>
					<w:rFonts w:ascii="Times New Roman" w:eastAsia="Times New Roman" w:hAnsi="Times New Roman" w:cs="Times New Roman"/>
					<w:sz w:val="22"/>
					<w:szCs w:val="22"/>
				</w:rPr>
				<w:t>Copyright © 2000-2022 by</w:t>
			</w:r>
		</w:p>
		<w:p w14:paraId="4AC66594" w14:textId="77777777" w:rsidR="003114A7" w:rsidRPr="003114A7" w:rsidRDefault="003114A7" w:rsidP="003114A7">
			<w:pPr>
				<w:widowControl w:val="0"/>
				<w:autoSpaceDE w:val="0"/>
				<w:autoSpaceDN w:val="0"/>
				<w:jc w:val="both"/>
				<w:rPr>
					<w:rFonts w:ascii="Times New Roman" w:eastAsia="Times New Roman" w:hAnsi="Times New Roman" w:cs="Times New Roman"/>
					<w:sz w:val="23"/>
					<w:szCs w:val="22"/>
				</w:rPr>
			</w:pPr>
		</w:p>
		<w:p w14:paraId="3833AA38" w14:textId="77777777" w:rsidR="003114A7" w:rsidRPr="003114A7" w:rsidRDefault="003114A7" w:rsidP="003114A7">
			<w:pPr>
				<w:widowControl w:val="0"/>
				<w:autoSpaceDE w:val="0"/>
				<w:autoSpaceDN w:val="0"/>
				<w:spacing w:before="1" w:line="491" w:lineRule="auto"/>
				<w:jc w:val="both"/>
				<w:rPr>
					<w:rFonts w:ascii="Times New Roman" w:eastAsia="Times New Roman" w:hAnsi="Times New Roman" w:cs="Times New Roman"/>
					<w:sz w:val="22"/>
					<w:szCs w:val="22"/>
				</w:rPr>
			</w:pPr>
			<w:r w:rsidRPr="003114A7">
				<w:rPr>
					<w:rFonts w:ascii="Times New Roman" w:eastAsia="Times New Roman" w:hAnsi="Times New Roman" w:cs="Times New Roman"/>
					<w:sz w:val="22"/>
					<w:szCs w:val="22"/>
				</w:rPr>
				<w:t>INTERNATIONAL SWAPS AND DERIVATIVES ASSOCIATION, INC.</w:t>
			</w:r>
			<w:bookmarkStart w:id="4" w:name="EMTA,_INC."/>
			<w:bookmarkEnd w:id="4"/>
			<w:r w:rsidRPr="003114A7">
				<w:rPr>
					<w:rFonts w:ascii="Times New Roman" w:eastAsia="Times New Roman" w:hAnsi="Times New Roman" w:cs="Times New Roman"/>
					<w:sz w:val="22"/>
					<w:szCs w:val="22"/>
				</w:rPr>
				<w:t xml:space="preserve"> EMTA, INC.</w:t>
			</w:r>
		</w:p>
		<w:p w14:paraId="3115FCD0" w14:textId="77777777" w:rsidR="003114A7" w:rsidRPr="003114A7" w:rsidRDefault="003114A7" w:rsidP="003114A7">
			<w:pPr>
				<w:widowControl w:val="0"/>
				<w:autoSpaceDE w:val="0"/>
				<w:autoSpaceDN w:val="0"/>
				<w:jc w:val="both"/>
				<w:rPr>
					<w:rFonts w:ascii="Times New Roman" w:eastAsia="Times New Roman" w:hAnsi="Times New Roman" w:cs="Times New Roman"/>
					<w:b/>
					<w:bCs/>
					<w:sz w:val="22"/>
					<w:szCs w:val="22"/>
				</w:rPr>
			</w:pPr>
			<w:r w:rsidRPr="003114A7">
				<w:rPr>
					<w:rFonts w:ascii="Times New Roman" w:eastAsia="Times New Roman" w:hAnsi="Times New Roman" w:cs="Times New Roman"/>
					<w:b/>
					<w:bCs/>
					<w:sz w:val="22"/>
					<w:szCs w:val="22"/>
				</w:rPr>
				<w:t xml:space="preserve">ISDA and EMTA consent to the use and photocopying of this document for the preparation </w:t>
			</w:r>
			<w:r w:rsidRPr="003114A7">
				<w:rPr>
					<w:rFonts w:ascii="Times New Roman" w:eastAsia="Times New Roman" w:hAnsi="Times New Roman" w:cs="Times New Roman"/>
					<w:b/>
					<w:bCs/>
					<w:spacing w:val="-3"/>
					<w:sz w:val="22"/>
					<w:szCs w:val="22"/>
				</w:rPr>
				<w:t xml:space="preserve">of </w:t>
			</w:r>
			<w:r w:rsidRPr="003114A7">
				<w:rPr>
					<w:rFonts w:ascii="Times New Roman" w:eastAsia="Times New Roman" w:hAnsi="Times New Roman" w:cs="Times New Roman"/>
					<w:b/>
					<w:bCs/>
					<w:sz w:val="22"/>
					<w:szCs w:val="22"/>
				</w:rPr>
				<w:t>agreements</w:t>
			</w:r>
			<w:r w:rsidRPr="003114A7">
				<w:rPr>
					<w:rFonts w:ascii="Times New Roman" w:eastAsia="Times New Roman" w:hAnsi="Times New Roman" w:cs="Times New Roman"/>
					<w:b/>
					<w:bCs/>
					<w:spacing w:val="-7"/>
					<w:sz w:val="22"/>
					<w:szCs w:val="22"/>
				</w:rPr>
				<w:t xml:space="preserve"> </w:t>
			</w:r>
			<w:r w:rsidRPr="003114A7">
				<w:rPr>
					<w:rFonts w:ascii="Times New Roman" w:eastAsia="Times New Roman" w:hAnsi="Times New Roman" w:cs="Times New Roman"/>
					<w:b/>
					<w:bCs/>
					<w:sz w:val="22"/>
					<w:szCs w:val="22"/>
				</w:rPr>
				<w:t>with</w:t>
			</w:r>
			<w:r w:rsidRPr="003114A7">
				<w:rPr>
					<w:rFonts w:ascii="Times New Roman" w:eastAsia="Times New Roman" w:hAnsi="Times New Roman" w:cs="Times New Roman"/>
					<w:b/>
					<w:bCs/>
					<w:spacing w:val="-7"/>
					<w:sz w:val="22"/>
					<w:szCs w:val="22"/>
				</w:rPr>
				<w:t xml:space="preserve"> </w:t>
			</w:r>
			<w:r w:rsidRPr="003114A7">
				<w:rPr>
					<w:rFonts w:ascii="Times New Roman" w:eastAsia="Times New Roman" w:hAnsi="Times New Roman" w:cs="Times New Roman"/>
					<w:b/>
					<w:bCs/>
					<w:sz w:val="22"/>
					<w:szCs w:val="22"/>
				</w:rPr>
				<w:t>respect</w:t>
			</w:r>
			<w:r w:rsidRPr="003114A7">
				<w:rPr>
					<w:rFonts w:ascii="Times New Roman" w:eastAsia="Times New Roman" w:hAnsi="Times New Roman" w:cs="Times New Roman"/>
					<w:b/>
					<w:bCs/>
					<w:spacing w:val="-6"/>
					<w:sz w:val="22"/>
					<w:szCs w:val="22"/>
				</w:rPr>
				<w:t xml:space="preserve"> </w:t>
			</w:r>
			<w:r w:rsidRPr="003114A7">
				<w:rPr>
					<w:rFonts w:ascii="Times New Roman" w:eastAsia="Times New Roman" w:hAnsi="Times New Roman" w:cs="Times New Roman"/>
					<w:b/>
					<w:bCs/>
					<w:sz w:val="22"/>
					<w:szCs w:val="22"/>
				</w:rPr>
				<w:t>to</w:t>
			</w:r>
			<w:r w:rsidRPr="003114A7">
				<w:rPr>
					<w:rFonts w:ascii="Times New Roman" w:eastAsia="Times New Roman" w:hAnsi="Times New Roman" w:cs="Times New Roman"/>
					<w:b/>
					<w:bCs/>
					<w:spacing w:val="-6"/>
					<w:sz w:val="22"/>
					<w:szCs w:val="22"/>
				</w:rPr>
				<w:t xml:space="preserve"> </w:t>
			</w:r>
			<w:r w:rsidRPr="003114A7">
				<w:rPr>
					<w:rFonts w:ascii="Times New Roman" w:eastAsia="Times New Roman" w:hAnsi="Times New Roman" w:cs="Times New Roman"/>
					<w:b/>
					<w:bCs/>
					<w:sz w:val="22"/>
					<w:szCs w:val="22"/>
				</w:rPr>
				<w:t>derivative</w:t>
			</w:r>
			<w:r w:rsidRPr="003114A7">
				<w:rPr>
					<w:rFonts w:ascii="Times New Roman" w:eastAsia="Times New Roman" w:hAnsi="Times New Roman" w:cs="Times New Roman"/>
					<w:b/>
					<w:bCs/>
					<w:spacing w:val="-7"/>
					<w:sz w:val="22"/>
					<w:szCs w:val="22"/>
				</w:rPr>
				<w:t xml:space="preserve"> </w:t>
			</w:r>
			<w:r w:rsidRPr="003114A7">
				<w:rPr>
					<w:rFonts w:ascii="Times New Roman" w:eastAsia="Times New Roman" w:hAnsi="Times New Roman" w:cs="Times New Roman"/>
					<w:b/>
					<w:bCs/>
					<w:sz w:val="22"/>
					<w:szCs w:val="22"/>
				</w:rPr>
				<w:t>transactions</w:t>
			</w:r>
			<w:r w:rsidRPr="003114A7">
				<w:rPr>
					<w:rFonts w:ascii="Times New Roman" w:eastAsia="Times New Roman" w:hAnsi="Times New Roman" w:cs="Times New Roman"/>
					<w:b/>
					<w:bCs/>
					<w:spacing w:val="-6"/>
					<w:sz w:val="22"/>
					<w:szCs w:val="22"/>
				</w:rPr>
				<w:t xml:space="preserve"> </w:t>
			</w:r>
			<w:r w:rsidRPr="003114A7">
				<w:rPr>
					<w:rFonts w:ascii="Times New Roman" w:eastAsia="Times New Roman" w:hAnsi="Times New Roman" w:cs="Times New Roman"/>
					<w:b/>
					<w:bCs/>
					<w:sz w:val="22"/>
					<w:szCs w:val="22"/>
				</w:rPr>
				<w:t>and</w:t>
			</w:r>
			<w:r w:rsidRPr="003114A7">
				<w:rPr>
					<w:rFonts w:ascii="Times New Roman" w:eastAsia="Times New Roman" w:hAnsi="Times New Roman" w:cs="Times New Roman"/>
					<w:b/>
					<w:bCs/>
					<w:spacing w:val="-8"/>
					<w:sz w:val="22"/>
					<w:szCs w:val="22"/>
				</w:rPr>
				<w:t xml:space="preserve"> </w:t>
			</w:r>
			<w:r w:rsidRPr="003114A7">
				<w:rPr>
					<w:rFonts w:ascii="Times New Roman" w:eastAsia="Times New Roman" w:hAnsi="Times New Roman" w:cs="Times New Roman"/>
					<w:b/>
					<w:bCs/>
					<w:sz w:val="22"/>
					<w:szCs w:val="22"/>
				</w:rPr>
				<w:t>for</w:t>
			</w:r>
			<w:r w:rsidRPr="003114A7">
				<w:rPr>
					<w:rFonts w:ascii="Times New Roman" w:eastAsia="Times New Roman" w:hAnsi="Times New Roman" w:cs="Times New Roman"/>
					<w:b/>
					<w:bCs/>
					<w:spacing w:val="-6"/>
					<w:sz w:val="22"/>
					<w:szCs w:val="22"/>
				</w:rPr>
				<w:t xml:space="preserve"> </w:t>
			</w:r>
			<w:r w:rsidRPr="003114A7">
				<w:rPr>
					<w:rFonts w:ascii="Times New Roman" w:eastAsia="Times New Roman" w:hAnsi="Times New Roman" w:cs="Times New Roman"/>
					<w:b/>
					<w:bCs/>
					<w:sz w:val="22"/>
					<w:szCs w:val="22"/>
				</w:rPr>
				<w:t>research</w:t>
			</w:r>
			<w:r w:rsidRPr="003114A7">
				<w:rPr>
					<w:rFonts w:ascii="Times New Roman" w:eastAsia="Times New Roman" w:hAnsi="Times New Roman" w:cs="Times New Roman"/>
					<w:b/>
					<w:bCs/>
					<w:spacing w:val="-7"/>
					<w:sz w:val="22"/>
					<w:szCs w:val="22"/>
				</w:rPr>
				<w:t xml:space="preserve"> </w:t>
			</w:r>
			<w:r w:rsidRPr="003114A7">
				<w:rPr>
					<w:rFonts w:ascii="Times New Roman" w:eastAsia="Times New Roman" w:hAnsi="Times New Roman" w:cs="Times New Roman"/>
					<w:b/>
					<w:bCs/>
					<w:sz w:val="22"/>
					<w:szCs w:val="22"/>
				</w:rPr>
				<w:t>and</w:t>
			</w:r>
			<w:r w:rsidRPr="003114A7">
				<w:rPr>
					<w:rFonts w:ascii="Times New Roman" w:eastAsia="Times New Roman" w:hAnsi="Times New Roman" w:cs="Times New Roman"/>
					<w:b/>
					<w:bCs/>
					<w:spacing w:val="-7"/>
					<w:sz w:val="22"/>
					<w:szCs w:val="22"/>
				</w:rPr>
				<w:t xml:space="preserve"> </w:t>
			</w:r>
			<w:r w:rsidRPr="003114A7">
				<w:rPr>
					<w:rFonts w:ascii="Times New Roman" w:eastAsia="Times New Roman" w:hAnsi="Times New Roman" w:cs="Times New Roman"/>
					<w:b/>
					<w:bCs/>
					<w:sz w:val="22"/>
					<w:szCs w:val="22"/>
				</w:rPr>
				<w:t>educational</w:t>
			</w:r>
			<w:r w:rsidRPr="003114A7">
				<w:rPr>
					<w:rFonts w:ascii="Times New Roman" w:eastAsia="Times New Roman" w:hAnsi="Times New Roman" w:cs="Times New Roman"/>
					<w:b/>
					<w:bCs/>
					<w:spacing w:val="-6"/>
					<w:sz w:val="22"/>
					<w:szCs w:val="22"/>
				</w:rPr>
				<w:t xml:space="preserve"> </w:t>
			</w:r>
			<w:r w:rsidRPr="003114A7">
				<w:rPr>
					<w:rFonts w:ascii="Times New Roman" w:eastAsia="Times New Roman" w:hAnsi="Times New Roman" w:cs="Times New Roman"/>
					<w:b/>
					<w:bCs/>
					<w:sz w:val="22"/>
					<w:szCs w:val="22"/>
				</w:rPr>
				<w:t>purposes.</w:t>
			</w:r>
			<w:r w:rsidRPr="003114A7">
				<w:rPr>
					<w:rFonts w:ascii="Times New Roman" w:eastAsia="Times New Roman" w:hAnsi="Times New Roman" w:cs="Times New Roman"/>
					<w:b/>
					<w:bCs/>
					<w:spacing w:val="-6"/>
					<w:sz w:val="22"/>
					<w:szCs w:val="22"/>
				</w:rPr>
				<w:t xml:space="preserve"> </w:t>
			</w:r>
			<w:r w:rsidRPr="003114A7">
				<w:rPr>
					<w:rFonts w:ascii="Times New Roman" w:eastAsia="Times New Roman" w:hAnsi="Times New Roman" w:cs="Times New Roman"/>
					<w:b/>
					<w:bCs/>
					<w:sz w:val="22"/>
					<w:szCs w:val="22"/>
				</w:rPr>
				<w:t>ISDA and EMTA do not, however, consent to the reproduction of this document for purposes of</w:t>
			</w:r>
			<w:r w:rsidRPr="003114A7">
				<w:rPr>
					<w:rFonts w:ascii="Times New Roman" w:eastAsia="Times New Roman" w:hAnsi="Times New Roman" w:cs="Times New Roman"/>
					<w:b/>
					<w:bCs/>
					<w:spacing w:val="-26"/>
					<w:sz w:val="22"/>
					<w:szCs w:val="22"/>
				</w:rPr>
				<w:t xml:space="preserve"> </w:t>
			</w:r>
			<w:r w:rsidRPr="003114A7">
				<w:rPr>
					<w:rFonts w:ascii="Times New Roman" w:eastAsia="Times New Roman" w:hAnsi="Times New Roman" w:cs="Times New Roman"/>
					<w:b/>
					<w:bCs/>
					<w:sz w:val="22"/>
					<w:szCs w:val="22"/>
				</w:rPr>
				<w:t>sale.</w:t>
			</w:r>
		</w:p>
		<w:p w14:paraId="33908291" w14:textId="77777777" w:rsidR="003114A7" w:rsidRPr="003114A7" w:rsidRDefault="003114A7" w:rsidP="003114A7">
			<w:pPr>
				<w:widowControl w:val="0"/>
				<w:autoSpaceDE w:val="0"/>
				<w:autoSpaceDN w:val="0"/>
				<w:spacing w:before="48" w:line="516" w:lineRule="exact"/>
				<w:jc w:val="both"/>
				<w:rPr>
					<w:rFonts w:ascii="Times New Roman" w:eastAsia="Times New Roman" w:hAnsi="Times New Roman" w:cs="Times New Roman"/>
					<w:sz w:val="22"/>
					<w:szCs w:val="22"/>
				</w:rPr>
			</w:pPr>
			<w:r w:rsidRPr="003114A7">
				<w:rPr>
					<w:rFonts w:ascii="Times New Roman" w:eastAsia="Times New Roman" w:hAnsi="Times New Roman" w:cs="Times New Roman"/>
					<w:sz w:val="22"/>
					<w:szCs w:val="22"/>
				</w:rPr>
				<w:t xml:space="preserve">For any inquiries with regard to this document, please contact: </w:t>
			</w:r>
		</w:p>
		<w:p w14:paraId="49EDC7B2" w14:textId="77777777" w:rsidR="003114A7" w:rsidRPr="003114A7" w:rsidRDefault="003114A7" w:rsidP="003114A7">
			<w:pPr>
				<w:widowControl w:val="0"/>
				<w:autoSpaceDE w:val="0"/>
				<w:autoSpaceDN w:val="0"/>
				<w:spacing w:before="48" w:line="516" w:lineRule="exact"/>
				<w:jc w:val="both"/>
				<w:rPr>
					<w:rFonts w:ascii="Times New Roman" w:eastAsia="Times New Roman" w:hAnsi="Times New Roman" w:cs="Times New Roman"/>
					<w:sz w:val="22"/>
					<w:szCs w:val="22"/>
				</w:rPr>
			</w:pPr>
			<w:r w:rsidRPr="003114A7">
				<w:rPr>
					<w:rFonts w:ascii="Times New Roman" w:eastAsia="Times New Roman" w:hAnsi="Times New Roman" w:cs="Times New Roman"/>
					<w:sz w:val="22"/>
					<w:szCs w:val="22"/>
				</w:rPr>
				<w:t>INTERNATIONAL SWAPS AND DERIVATIVES ASSOCIATION, INC.</w:t>
			</w:r>
		</w:p>
		<w:p w14:paraId="4212DB65" w14:textId="77777777" w:rsidR="003114A7" w:rsidRPr="003114A7" w:rsidRDefault="003114A7" w:rsidP="003114A7">
			<w:pPr>
				<w:widowControl w:val="0"/>
				<w:autoSpaceDE w:val="0"/>
				<w:autoSpaceDN w:val="0"/>
				<w:spacing w:line="198" w:lineRule="exact"/>
				<w:jc w:val="both"/>
				<w:rPr>
					<w:rFonts w:ascii="Times New Roman" w:eastAsia="Times New Roman" w:hAnsi="Times New Roman" w:cs="Times New Roman"/>
					<w:sz w:val="22"/>
					<w:szCs w:val="22"/>
				</w:rPr>
			</w:pPr>
			<w:r w:rsidRPr="003114A7">
				<w:rPr>
					<w:rFonts w:ascii="Times New Roman" w:eastAsia="Times New Roman" w:hAnsi="Times New Roman" w:cs="Times New Roman"/>
					<w:sz w:val="22"/>
					<w:szCs w:val="22"/>
				</w:rPr>
				<w:t>10 East 53</w:t>
			</w:r>
			<w:proofErr w:type="spellStart"/>
			<w:r w:rsidRPr="003114A7">
				<w:rPr>
					<w:rFonts w:ascii="Times New Roman" w:eastAsia="Times New Roman" w:hAnsi="Times New Roman" w:cs="Times New Roman"/>
					<w:position w:val="8"/>
					<w:sz w:val="14"/>
					<w:szCs w:val="22"/>
				</w:rPr>
				<w:t>rd</w:t>
			</w:r>
			<w:proofErr w:type="spellEnd"/>
			<w:r w:rsidRPr="003114A7">
				<w:rPr>
					<w:rFonts w:ascii="Times New Roman" w:eastAsia="Times New Roman" w:hAnsi="Times New Roman" w:cs="Times New Roman"/>
					<w:position w:val="8"/>
					<w:sz w:val="14"/>
					<w:szCs w:val="22"/>
				</w:rPr>
				<w:t xml:space="preserve"> </w:t>
			</w:r>
			<w:r w:rsidRPr="003114A7">
				<w:rPr>
					<w:rFonts w:ascii="Times New Roman" w:eastAsia="Times New Roman" w:hAnsi="Times New Roman" w:cs="Times New Roman"/>
					<w:sz w:val="22"/>
					<w:szCs w:val="22"/>
				</w:rPr>
				<w:t>Street</w:t>
			</w:r>
		</w:p>
		<w:p w14:paraId="68778276" w14:textId="77777777" w:rsidR="003114A7" w:rsidRPr="003114A7" w:rsidRDefault="003114A7" w:rsidP="003114A7">
			<w:pPr>
				<w:widowControl w:val="0"/>
				<w:autoSpaceDE w:val="0"/>
				<w:autoSpaceDN w:val="0"/>
				<w:jc w:val="both"/>
				<w:rPr>
					<w:rFonts w:ascii="Times New Roman" w:eastAsia="Times New Roman" w:hAnsi="Times New Roman" w:cs="Times New Roman"/>
					<w:sz w:val="22"/>
					<w:szCs w:val="22"/>
				</w:rPr>
			</w:pPr>
			<w:r w:rsidRPr="003114A7">
				<w:rPr>
					<w:rFonts w:ascii="Times New Roman" w:eastAsia="Times New Roman" w:hAnsi="Times New Roman" w:cs="Times New Roman"/>
					<w:sz w:val="22"/>
					<w:szCs w:val="22"/>
				</w:rPr>
				<w:t xml:space="preserve">New York, NY 10022 </w:t>
			</w:r>
			<w:hyperlink r:id="rId9">
				<w:r w:rsidRPr="003114A7">
					<w:rPr>
						<w:rFonts w:ascii="Times New Roman" w:eastAsia="Times New Roman" w:hAnsi="Times New Roman" w:cs="Times New Roman"/>
						<w:sz w:val="22"/>
						<w:szCs w:val="22"/>
					</w:rPr>
					<w:t>www.isda.org</w:t>
				</w:r>
			</w:hyperlink>
		</w:p>
		<w:p w14:paraId="4BD4E1BA" w14:textId="77777777" w:rsidR="003114A7" w:rsidRPr="003114A7" w:rsidRDefault="003114A7" w:rsidP="003114A7">
			<w:pPr>
				<w:widowControl w:val="0"/>
				<w:autoSpaceDE w:val="0"/>
				<w:autoSpaceDN w:val="0"/>
				<w:spacing w:before="3"/>
				<w:jc w:val="both"/>
				<w:rPr>
					<w:rFonts w:ascii="Times New Roman" w:eastAsia="Times New Roman" w:hAnsi="Times New Roman" w:cs="Times New Roman"/>
					<w:sz w:val="22"/>
					<w:szCs w:val="22"/>
				</w:rPr>
			</w:pPr>
		</w:p>
		<w:p w14:paraId="40E475E3" w14:textId="77777777" w:rsidR="003114A7" w:rsidRPr="003114A7" w:rsidRDefault="003114A7" w:rsidP="003114A7">
			<w:pPr>
				<w:widowControl w:val="0"/>
				<w:autoSpaceDE w:val="0"/>
				<w:autoSpaceDN w:val="0"/>
				<w:jc w:val="both"/>
				<w:rPr>
					<w:rFonts w:ascii="Times New Roman" w:eastAsia="Times New Roman" w:hAnsi="Times New Roman" w:cs="Times New Roman"/>
					<w:sz w:val="22"/>
					<w:szCs w:val="22"/>
				</w:rPr>
			</w:pPr>
			<w:r w:rsidRPr="003114A7">
				<w:rPr>
					<w:rFonts w:ascii="Times New Roman" w:eastAsia="Times New Roman" w:hAnsi="Times New Roman" w:cs="Times New Roman"/>
					<w:sz w:val="22"/>
					<w:szCs w:val="22"/>
				</w:rPr>
				<w:t>EMTA, Inc.</w:t>
			</w:r>
		</w:p>
		<w:p w14:paraId="178B4CB9" w14:textId="77777777" w:rsidR="003114A7" w:rsidRPr="003114A7" w:rsidRDefault="003114A7" w:rsidP="003114A7">
			<w:pPr>
				<w:widowControl w:val="0"/>
				<w:autoSpaceDE w:val="0"/>
				<w:autoSpaceDN w:val="0"/>
				<w:spacing w:before="7" w:line="244" w:lineRule="auto"/>
				<w:jc w:val="both"/>
				<w:rPr>
					<w:rFonts w:ascii="Times New Roman" w:eastAsia="Times New Roman" w:hAnsi="Times New Roman" w:cs="Times New Roman"/>
					<w:sz w:val="22"/>
					<w:szCs w:val="22"/>
				</w:rPr>
			</w:pPr>
			<w:r w:rsidRPr="003114A7">
				<w:rPr>
					<w:rFonts w:ascii="Times New Roman" w:eastAsia="Times New Roman" w:hAnsi="Times New Roman" w:cs="Times New Roman"/>
					<w:sz w:val="22"/>
					<w:szCs w:val="22"/>
				</w:rPr>
				<w:t>405 Lexington Avenue, Suite 5304 New York, N.Y. 10174</w:t>
			</w:r>
		</w:p>
		<w:p w14:paraId="560B2514" w14:textId="77777777" w:rsidR="003114A7" w:rsidRPr="003114A7" w:rsidRDefault="003114A7" w:rsidP="003114A7">
			<w:pPr>
				<w:widowControl w:val="0"/>
				<w:autoSpaceDE w:val="0"/>
				<w:autoSpaceDN w:val="0"/>
				<w:spacing w:before="2"/>
				<w:jc w:val="both"/>
				<w:rPr>
					<w:rFonts w:ascii="Times New Roman" w:eastAsia="Times New Roman" w:hAnsi="Times New Roman" w:cs="Times New Roman"/>
					<w:sz w:val="22"/>
					<w:szCs w:val="22"/>
				</w:rPr>
			</w:pPr>
			<w:hyperlink r:id="rId10">
				<w:r w:rsidRPr="003114A7">
					<w:rPr>
						<w:rFonts w:ascii="Times New Roman" w:eastAsia="Times New Roman" w:hAnsi="Times New Roman" w:cs="Times New Roman"/>
						<w:sz w:val="22"/>
						<w:szCs w:val="22"/>
					</w:rPr>
					<w:t>www.emta.org</w:t>
				</w:r>
			</w:hyperlink>
		</w:p>
		<w:p>
			<w:pPr>
				<w:sectPr>
					<w:pgSz w:w="11900" w:h="16840"/>
					<w:pgMar w:top="1417" w:right="1134" w:bottom="1417" w:left="1134" w:header="1049" w:footer="0" w:gutter="0"/>
					<w:footerReference w:type="default" r:id="rId13"/>
					<w:headerReference r:id="rId8" w:type="default"/>
				</w:sectPr>
			</w:pPr>
		</w:p>
</w:body>