<w:body xmlns:wpc="http://schemas.microsoft.com/office/word/2010/wordprocessingCanvas" xmlns:cx="http://schemas.microsoft.com/office/drawing/2014/chartex" xmlns:cx1="http://schemas.microsoft.com/office/drawing/2015/9/8/chartex" xmlns:cx2="http://schemas.microsoft.com/office/drawing/2015/10/21/chartex" xmlns:cx3="http://schemas.microsoft.com/office/drawing/2016/5/9/chartex" xmlns:cx4="http://schemas.microsoft.com/office/drawing/2016/5/10/chartex" xmlns:cx5="http://schemas.microsoft.com/office/drawing/2016/5/11/chartex" xmlns:cx6="http://schemas.microsoft.com/office/drawing/2016/5/12/chartex" xmlns:cx7="http://schemas.microsoft.com/office/drawing/2016/5/13/chartex" xmlns:cx8="http://schemas.microsoft.com/office/drawing/2016/5/14/chartex" xmlns:mc="http://schemas.openxmlformats.org/markup-compatibility/2006" xmlns:aink="http://schemas.microsoft.com/office/drawing/2016/ink" xmlns:am3d="http://schemas.microsoft.com/office/drawing/2017/model3d" xmlns:o="urn:schemas-microsoft-com:office:office" xmlns:r="http://schemas.openxmlformats.org/officeDocument/2006/relationships" xmlns:m="http://schemas.openxmlformats.org/officeDocument/2006/math" xmlns:v="urn:schemas-microsoft-com:vml" xmlns:wp14="http://schemas.microsoft.com/office/word/2010/wordprocessingDrawing" xmlns:wp="http://schemas.openxmlformats.org/drawingml/2006/wordprocessingDrawing" xmlns:w10="urn:schemas-microsoft-com:office:word" xmlns:w="http://schemas.openxmlformats.org/wordprocessingml/2006/main" xmlns:w14="http://schemas.microsoft.com/office/word/2010/wordml" xmlns:w15="http://schemas.microsoft.com/office/word/2012/wordml" xmlns:w16cid="http://schemas.microsoft.com/office/word/2016/wordml/cid" xmlns:w16se="http://schemas.microsoft.com/office/word/2015/wordml/symex" xmlns:wpg="http://schemas.microsoft.com/office/word/2010/wordprocessingGroup" xmlns:wpi="http://schemas.microsoft.com/office/word/2010/wordprocessingInk" xmlns:wne="http://schemas.microsoft.com/office/word/2006/wordml" xmlns:wps="http://schemas.microsoft.com/office/word/2010/wordprocessingShape" mc:Ignorable="w14 w15 w16se w16cid wp14">
	<w:p w14:paraId="28C0ACC8" w14:textId="77777777" w:rsidR="009F4952" w:rsidRPr="0047668A" w:rsidRDefault="00C40C70" w:rsidP="00922086">
			<w:pPr>
				<w:pStyle w:val="BodyText"/>
				<w:jc w:val="left"/>
				<w:ind w:left="0"/>
				<w:spacing w:after="120" w:line="240" w:lineRule="auto"/>
				<w:rPr>
					<w:sz w:val="88"/>
					<w:szCs w:val="88"/>
				</w:rPr>
			</w:pPr>
			<w:r>
				<w:rPr>
					<w:b/>
					<w:bCs/>
					<w:sz w:val="88"/>
					<w:szCs w:val="88"/>
				</w:rPr>
				<w:t>May</w:t>
			</w:r>
			<w:r w:rsidR="000C739D" w:rsidRPr="0047668A">
				<w:rPr>
					<w:b/>
					<w:bCs/>
					<w:sz w:val="88"/>
					<w:szCs w:val="88"/>
				</w:rPr>
				<w:t xml:space="preserve"> 2022 Barrier Event</w:t>
			</w:r>
			<w:r w:rsidR="000C739D" w:rsidRPr="0047668A">
				<w:rPr>
					<w:sz w:val="88"/>
					<w:szCs w:val="88"/>
				</w:rPr>
				<w:t xml:space="preserve"> </w:t>
			</w:r>
			<w:r w:rsidR="000C739D" w:rsidRPr="0047668A">
				<w:rPr>
					<w:b/>
					<w:bCs/>
					<w:sz w:val="88"/>
					<w:szCs w:val="88"/>
				</w:rPr>
				<w:t>Supplement</w:t>
			</w:r>
			<w:r w:rsidR="000C739D" w:rsidRPr="0047668A">
				<w:rPr>
					<w:sz w:val="88"/>
					<w:szCs w:val="88"/>
				</w:rPr>
				<w:t xml:space="preserve"> </w:t>
			</w:r>
		</w:p>
		<w:p w14:paraId="02B1474E" w14:textId="77777777" w:rsidR="009F4952" w:rsidRPr="009E6D28" w:rsidRDefault="00C40C70" w:rsidP="00922086">
			<w:pPr>
				<w:pStyle w:val="BodyText"/>
				<w:jc w:val="left"/>
				<w:ind w:left="0"/>
				<w:spacing w:after="120" w:line="240" w:lineRule="auto"/>
				<w:rPr>
					<w:rFonts w:cs="Times New Roman"/>
					<w:b/>
					<w:bCs/>
					<w:sz w:val="88"/>
					<w:szCs w:val="88"/>
				</w:rPr>
			</w:pPr>
			<w:r w:rsidRPr="009E6D28">
				<w:rPr>
					<w:rFonts w:cs="Times New Roman"/>
					<w:b/>
					<w:bCs/>
					<w:sz w:val="88"/>
					<w:szCs w:val="88"/>
				</w:rPr>
				<w:t>to the</w:t>
			</w:r>
		</w:p>
		<w:p w14:paraId="66093C39" w14:textId="77777777" w:rsidR="009F4952" w:rsidRPr="009E6D28" w:rsidRDefault="00C40C70" w:rsidP="00922086">
			<w:pPr>
				<w:pStyle w:val="BodyText"/>
				<w:jc w:val="left"/>
				<w:ind w:left="0"/>
				<w:spacing w:after="120" w:line="240" w:lineRule="auto"/>
				<w:rPr>
					<w:rFonts w:cs="Times New Roman"/>
					<w:b/>
					<w:bCs/>
					<w:sz w:val="88"/>
					<w:szCs w:val="88"/>
				</w:rPr>
			</w:pPr>
			<w:r w:rsidRPr="009E6D28">
				<w:rPr>
					<w:rFonts w:cs="Times New Roman"/>
					<w:b/>
					<w:bCs/>
					<w:sz w:val="88"/>
					<w:szCs w:val="88"/>
				</w:rPr>
				<w:t>1998 FX and</w:t>
			</w:r>
		</w:p>
		<w:p w14:paraId="0B583C17" w14:textId="77777777" w:rsidR="009F4952" w:rsidRPr="009E6D28" w:rsidRDefault="00C40C70" w:rsidP="00922086">
			<w:pPr>
				<w:pStyle w:val="BodyText"/>
				<w:jc w:val="left"/>
				<w:ind w:left="0"/>
				<w:spacing w:after="120" w:line="240" w:lineRule="auto"/>
				<w:rPr>
					<w:rFonts w:cs="Times New Roman"/>
					<w:b/>
					<w:bCs/>
					<w:sz w:val="88"/>
					<w:szCs w:val="88"/>
				</w:rPr>
			</w:pPr>
			<w:r w:rsidRPr="009E6D28">
				<w:rPr>
					<w:rFonts w:cs="Times New Roman"/>
					<w:b/>
					<w:bCs/>
					<w:sz w:val="88"/>
					<w:szCs w:val="88"/>
				</w:rPr>
				<w:t>Currency Option Definitions</w:t>
			</w:r>
		</w:p>
		<w:p w14:paraId="5305FF9E" w14:textId="77777777" w:rsidR="009F4952" w:rsidRPr="003E28E2" w:rsidRDefault="00C40C70" w:rsidP="00A27F23">
			<w:pPr>
				<w:pStyle w:val="RSBodyText"/>
				<w:spacing w:after="120"/>
				<w:rPr>
					<w:color w:val="000000"/>
					<w:sz w:val="20"/>
					<w:szCs w:val="20"/>
				</w:rPr>
			</w:pPr>
			<w:r w:rsidRPr="003E28E2">
				<w:rPr>
					<w:rFonts w:cs="Times New Roman"/>
					<w:color w:val="000000"/>
					<w:sz w:val="72"/>
					<w:szCs w:val="72"/>
				</w:rPr>
				<w:t>_________________________</w:t>
			</w:r>
		</w:p>
		<w:p w14:paraId="282C3242" w14:textId="77777777" w:rsidR="009F4952" w:rsidRDefault="009F4952" w:rsidP="00A27F23">
			<w:pPr>
				<w:pStyle w:val="RSBodyText"/>
				<w:spacing w:after="120"/>
			</w:pPr>
		</w:p>
		<w:p w14:paraId="4290C9FF" w14:textId="77777777" w:rsidR="009F4952" w:rsidRDefault="009F4952" w:rsidP="00A27F23">
			<w:pPr>
				<w:pStyle w:val="RSBodyText"/>
				<w:spacing w:after="120"/>
			</w:pPr>
		</w:p>
		<w:p w14:paraId="47A20212" w14:textId="77777777" w:rsidR="009F4952" w:rsidRDefault="009F4952" w:rsidP="00A27F23">
			<w:pPr>
				<w:pStyle w:val="RSBodyText"/>
				<w:spacing w:after="120"/>
			</w:pPr>
		</w:p>
		<w:p w14:paraId="2D363C7D" w14:textId="77777777" w:rsidR="009F4952" w:rsidRDefault="009F4952" w:rsidP="00A27F23">
			<w:pPr>
				<w:pStyle w:val="RSBodyText"/>
				<w:spacing w:after="120"/>
			</w:pPr>
		</w:p>
		<w:p w14:paraId="7277D277" w14:textId="77777777" w:rsidR="009F4952" w:rsidRPr="003E28E2" w:rsidRDefault="00C40C70" w:rsidP="00A27F23">
			<w:pPr>
				<w:pStyle w:val="RSBodyText"/>
				<w:spacing w:after="120"/>
				<w:rPr>
					<w:noProof/>
				</w:rPr>
			</w:pPr>
			<w:r w:rsidRPr="003E28E2">
				<w:rPr>
					<w:noProof/>
				</w:rPr>
				<w:drawing>
					<wp:inline distT="0" distB="0" distL="0" distR="0" wp14:anchorId="71FC52C8" wp14:editId="7800AEA0">
						<wp:extent cx="1104900" cy="276225"/>
						<wp:effectExtent l="19050" t="0" r="0" b="0"/>
						<wp:docPr id="1" name="Picture 1"/>
						<wp:cNvGraphicFramePr>
							<a:graphicFrameLocks xmlns:a="http://schemas.openxmlformats.org/drawingml/2006/main" noChangeAspect="1"/>
						</wp:cNvGraphicFramePr>
						<a:graphic xmlns:a="http://schemas.openxmlformats.org/drawingml/2006/main">
							<a:graphicData uri="http://schemas.openxmlformats.org/drawingml/2006/picture">
								<pic:pic xmlns:pic="http://schemas.openxmlformats.org/drawingml/2006/picture">
									<pic:nvPicPr>
										<pic:cNvPr id="1" name="Picture 1"/>
										<pic:cNvPicPr>
											<a:picLocks noChangeAspect="1" noChangeArrowheads="1"/>
										</pic:cNvPicPr>
									</pic:nvPicPr>
									<pic:blipFill>
										<a:blip r:embed="rId_ISDA_L_3" cstate="print"/>
										<a:stretch>
											<a:fillRect/>
										</a:stretch>
									</pic:blipFill>
									<pic:spPr bwMode="auto">
										<a:xfrm>
											<a:off x="0" y="0"/>
											<a:ext cx="1104900" cy="276225"/>
										</a:xfrm>
										<a:prstGeom prst="rect">
											<a:avLst/>
										</a:prstGeom>
										<a:noFill/>
										<a:ln w="9525">
											<a:noFill/>
											<a:miter lim="800000"/>
											<a:headEnd/>
											<a:tailEnd/>
										</a:ln>
									</pic:spPr>
								</pic:pic>
							</a:graphicData>
						</a:graphic>
					</wp:inline>
				</w:drawing>
			</w:r>
			<w:r w:rsidRPr="003E28E2">
				<w:rPr>
					<w:rFonts w:hint="eastAsia"/>
					<w:noProof/>
				</w:rPr>
				<w:t xml:space="preserve"> </w:t>
			</w:r>
		</w:p>
		<w:p w14:paraId="723122DD" w14:textId="77777777" w:rsidR="0066579E" w:rsidRDefault="0066579E" w:rsidP="007D6A8C">
			<w:pPr>
				<w:spacing w:after="120" w:line="240" w:lineRule="auto"/>
				<w:rPr>
					<w:sz w:val="12"/>
					<w:szCs w:val="12"/>
				</w:rPr>
			</w:pPr>
		</w:p>
		<w:p w14:paraId="62137650" w14:textId="77777777" w:rsidR="0066579E" w:rsidRDefault="00FB1C17" w:rsidP="007D6A8C">
			<w:pPr>
				<w:spacing w:after="120" w:line="240" w:lineRule="auto"/>
				<w:rPr>
					<w:rFonts w:ascii="Times New Roman" w:hAnsi="Times New Roman" w:cs="Times New Roman"/>
				</w:rPr>
			</w:pPr>
			<w:r>
				<w:rPr>
					<w:rFonts w:ascii="Times New Roman" w:hAnsi="Times New Roman" w:cs="Times New Roman"/>
				</w:rPr>
				<w:t xml:space="preserve">INTERNATIONAL SWAPS AND DERIVATIVES ASSOCIATION, INC. </w:t>
			</w:r>
		</w:p>
		<w:p w14:paraId="1FAEC8FC" w14:textId="77777777" w:rsidR="0066579E" w:rsidRDefault="0066579E" w:rsidP="007D6A8C">
			<w:pPr>
				<w:spacing w:after="120" w:line="240" w:lineRule="auto"/>
			</w:pPr>
		</w:p>
		<w:p w14:paraId="0F6130EF" w14:textId="77777777" w:rsidR="0066579E" w:rsidRPr="007D6A8C" w:rsidRDefault="00FB1C17" w:rsidP="007D6A8C">
			<w:pPr>
				<w:spacing w:after="120" w:line="240" w:lineRule="auto"/>
				<w:rPr>
					<w:rFonts w:ascii="Times New Roman" w:hAnsi="Times New Roman" w:cs="Times New Roman"/>
					<w:sz w:val="48"/>
					<w:szCs w:val="48"/>
				</w:rPr>
			</w:pPr>
			<w:r w:rsidRPr="007D6A8C">
				<w:rPr>
					<w:rFonts w:ascii="Times New Roman" w:hAnsi="Times New Roman" w:cs="Times New Roman"/>
					<w:sz w:val="48"/>
					<w:szCs w:val="48"/>
				</w:rPr>
				<w:t>EMTA, Inc.</w:t>
			</w:r>
		</w:p>
		<w:p w14:paraId="1E9EFBF2" w14:textId="77777777" w:rsidR="0066579E" w:rsidRPr="007D6A8C" w:rsidRDefault="00FB1C17" w:rsidP="007D6A8C">
			<w:pPr>
				<w:spacing w:after="120" w:line="240" w:lineRule="auto"/>
				<w:rPr>
					<w:rFonts w:ascii="Times New Roman" w:hAnsi="Times New Roman" w:cs="Times New Roman"/>
				</w:rPr>
			</w:pPr>
			<w:r w:rsidRPr="007D6A8C">
				<w:rPr>
					<w:rFonts w:ascii="Times New Roman" w:hAnsi="Times New Roman" w:cs="Times New Roman"/>
				</w:rPr>
				<w:t xml:space="preserve">TRADE ASSOCIATION FOR THE EMERGING MARKETS </w:t>
			</w:r>
		</w:p>
		<w:p w14:paraId="54343274" w14:textId="77777777" w:rsidR="0066579E" w:rsidRDefault="0066579E" w:rsidP="007D6A8C">
			<w:pPr>
				<w:spacing w:after="120" w:line="240" w:lineRule="auto"/>
			</w:pPr>
		</w:p>
		<w:p w14:paraId="66031DC9" w14:textId="77777777" w:rsidR="0066579E" w:rsidRDefault="0066579E" w:rsidP="007D6A8C">
			<w:pPr>
				<w:spacing w:after="120" w:line="240" w:lineRule="auto"/>
			</w:pPr>
		</w:p>
		<w:p w14:paraId="209A8C5A" w14:textId="6CE0F9AD" w:rsidR="0066579E" w:rsidRDefault="0066579E" w:rsidP="007D6A8C">
			<w:pPr>
				<w:spacing w:after="120" w:line="240" w:lineRule="auto"/>
				<w:rPr>
					<w:rFonts w:ascii="Times New Roman" w:hAnsi="Times New Roman" w:cs="Times New Roman"/>
				</w:rPr>
			</w:pPr>
		</w:p>
		<w:p w14:paraId="0DD750AC" w14:textId="77777777" w:rsidR="007D6A8C" w:rsidRPr="007D6A8C" w:rsidRDefault="007D6A8C" w:rsidP="007D6A8C">
			<w:pPr>
				<w:spacing w:after="120" w:line="240" w:lineRule="auto"/>
				<w:rPr>
					<w:rFonts w:ascii="Times New Roman" w:hAnsi="Times New Roman" w:cs="Times New Roman"/>
				</w:rPr>
			</w:pPr>
		</w:p>
		<w:p w14:paraId="6407147C" w14:textId="77777777" w:rsidR="0066579E" w:rsidRPr="007D6A8C" w:rsidRDefault="00FB1C17" w:rsidP="007D6A8C">
			<w:pPr>
				<w:spacing w:after="120" w:line="240" w:lineRule="auto"/>
				<w:rPr>
					<w:rFonts w:ascii="Times New Roman" w:hAnsi="Times New Roman" w:cs="Times New Roman"/>
				</w:rPr>
			</w:pPr>
			<w:r w:rsidRPr="007D6A8C">
				<w:rPr>
					<w:rFonts w:ascii="Times New Roman" w:hAnsi="Times New Roman" w:cs="Times New Roman"/>
				</w:rPr>
				<w:t>Copyright © 2022 by</w:t>
			</w:r>
		</w:p>
		<w:p w14:paraId="7EA9D74C" w14:textId="77777777" w:rsidR="0066579E" w:rsidRPr="007D6A8C" w:rsidRDefault="00FB1C17" w:rsidP="007D6A8C">
			<w:pPr>
				<w:spacing w:after="120" w:line="240" w:lineRule="auto"/>
				<w:rPr>
					<w:rFonts w:ascii="Times New Roman" w:hAnsi="Times New Roman" w:cs="Times New Roman"/>
				</w:rPr>
			</w:pPr>
			<w:r w:rsidRPr="007D6A8C">
				<w:rPr>
					<w:rFonts w:ascii="Times New Roman" w:hAnsi="Times New Roman" w:cs="Times New Roman"/>
				</w:rPr>
				<w:t xml:space="preserve">INTERNATIONAL SWAPS AND DERIVATIVES ASSOCIATION, INC. </w:t>
			</w:r>
		</w:p>
		<w:p w14:paraId="54B58149" w14:textId="77777777" w:rsidR="0066579E" w:rsidRPr="007D6A8C" w:rsidRDefault="00FB1C17" w:rsidP="007D6A8C">
			<w:pPr>
				<w:spacing w:after="120" w:line="240" w:lineRule="auto"/>
				<w:rPr>
					<w:rFonts w:ascii="Times New Roman" w:hAnsi="Times New Roman" w:cs="Times New Roman"/>
				</w:rPr>
			</w:pPr>
			<w:r w:rsidRPr="007D6A8C">
				<w:rPr>
					<w:rFonts w:ascii="Times New Roman" w:hAnsi="Times New Roman" w:cs="Times New Roman"/>
				</w:rPr>
				<w:t xml:space="preserve">EMTA, INC. </w:t>
			</w:r>
		</w:p>
		<w:p w14:paraId="522D9EF7" w14:textId="77777777" w:rsidR="0066579E" w:rsidRPr="007D6A8C" w:rsidRDefault="00FB1C17" w:rsidP="007D6A8C">
			<w:pPr>
				<w:spacing w:after="120" w:line="240" w:lineRule="auto"/>
				<w:jc w:val="both"/>
				<w:rPr>
					<w:rFonts w:ascii="Times New Roman" w:hAnsi="Times New Roman" w:cs="Times New Roman"/>
					<w:b/>
					<w:bCs/>
				</w:rPr>
			</w:pPr>
			<w:r w:rsidRPr="007D6A8C">
				<w:rPr>
					<w:rFonts w:ascii="Times New Roman" w:hAnsi="Times New Roman" w:cs="Times New Roman"/>
					<w:b/>
					<w:bCs/>
				</w:rPr>
				<w:lastRenderedPageBreak/>
				<w:t>ISDA and EMTA consent to the use and photocopying of this document for the preparation of agreements with respect to derivative transactions and for research and educational purposes. ISDA and EMTA do not, however, consent to the reproduction of this docum</w:t>
			</w:r>
			<w:r w:rsidRPr="007D6A8C">
				<w:rPr>
					<w:rFonts w:ascii="Times New Roman" w:hAnsi="Times New Roman" w:cs="Times New Roman"/>
					<w:b/>
					<w:bCs/>
				</w:rPr>
				<w:t xml:space="preserve">ent for purposes of sale. </w:t>
			</w:r>
		</w:p>
		<w:p w14:paraId="3B385494" w14:textId="77777777" w:rsidR="0066579E" w:rsidRPr="007D6A8C" w:rsidRDefault="00FB1C17" w:rsidP="007D6A8C">
			<w:pPr>
				<w:spacing w:after="120" w:line="240" w:lineRule="auto"/>
				<w:rPr>
					<w:rFonts w:ascii="Times New Roman" w:hAnsi="Times New Roman" w:cs="Times New Roman"/>
				</w:rPr>
			</w:pPr>
			<w:r w:rsidRPr="007D6A8C">
				<w:rPr>
					<w:rFonts w:ascii="Times New Roman" w:hAnsi="Times New Roman" w:cs="Times New Roman"/>
				</w:rPr>
				<w:t xml:space="preserve">For any inquiries with regard to this document, please contact: </w:t>
			</w:r>
		</w:p>
		<w:p w14:paraId="7B118C5A" w14:textId="77777777" w:rsidR="0066579E" w:rsidRPr="007D6A8C" w:rsidRDefault="00FB1C17" w:rsidP="007D6A8C">
			<w:pPr>
				<w:spacing w:after="120" w:line="240" w:lineRule="auto"/>
				<w:rPr>
					<w:rFonts w:ascii="Times New Roman" w:hAnsi="Times New Roman" w:cs="Times New Roman"/>
				</w:rPr>
			</w:pPr>
			<w:r w:rsidRPr="007D6A8C">
				<w:rPr>
					<w:rFonts w:ascii="Times New Roman" w:hAnsi="Times New Roman" w:cs="Times New Roman"/>
				</w:rPr>
				<w:t>INTERNATIONAL SWAPS AND DERIVATIVES ASSOCIATION, INC.</w:t>
			</w:r>
		</w:p>
		<w:p w14:paraId="6B4249AF" w14:textId="77777777" w:rsidR="0066579E" w:rsidRPr="007D6A8C" w:rsidRDefault="00FB1C17" w:rsidP="007D6A8C">
			<w:pPr>
				<w:spacing w:after="120" w:line="240" w:lineRule="auto"/>
				<w:rPr>
					<w:rFonts w:ascii="Times New Roman" w:hAnsi="Times New Roman" w:cs="Times New Roman"/>
				</w:rPr>
			</w:pPr>
			<w:r w:rsidRPr="007D6A8C">
				<w:rPr>
					<w:rFonts w:ascii="Times New Roman" w:hAnsi="Times New Roman" w:cs="Times New Roman"/>
				</w:rPr>
				<w:t>10 East 53</w:t>
			</w:r>
			<w:r w:rsidRPr="007D6A8C">
				<w:rPr>
					<w:rFonts w:ascii="Times New Roman" w:hAnsi="Times New Roman" w:cs="Times New Roman"/>
					<w:vertAlign w:val="superscript"/>
				</w:rPr>
				<w:t>rd</w:t>
			</w:r>
			<w:r w:rsidRPr="007D6A8C">
				<w:rPr>
					<w:rFonts w:ascii="Times New Roman" w:hAnsi="Times New Roman" w:cs="Times New Roman"/>
				</w:rPr>
				<w:t xml:space="preserve"> Street</w:t>
			</w:r>
		</w:p>
		<w:p w14:paraId="6911BB7A" w14:textId="77777777" w:rsidR="0066579E" w:rsidRPr="007D6A8C" w:rsidRDefault="00FB1C17" w:rsidP="007D6A8C">
			<w:pPr>
				<w:spacing w:after="120" w:line="240" w:lineRule="auto"/>
				<w:rPr>
					<w:rFonts w:ascii="Times New Roman" w:hAnsi="Times New Roman" w:cs="Times New Roman"/>
				</w:rPr>
			</w:pPr>
			<w:r w:rsidRPr="007D6A8C">
				<w:rPr>
					<w:rFonts w:ascii="Times New Roman" w:hAnsi="Times New Roman" w:cs="Times New Roman"/>
				</w:rPr>
				<w:t>New York, NY 10022</w:t>
			</w:r>
			<w:r w:rsidRPr="007D6A8C">
				<w:rPr>
					<w:rFonts w:ascii="Times New Roman" w:hAnsi="Times New Roman" w:cs="Times New Roman"/>
				</w:rPr>
				<w:br/>
				<w:t>www.isda.org</w:t>
			</w:r>
		</w:p>
		<w:p w14:paraId="68522FBA" w14:textId="77777777" w:rsidR="0066579E" w:rsidRPr="007D6A8C" w:rsidRDefault="0066579E" w:rsidP="007D6A8C">
			<w:pPr>
				<w:spacing w:after="120" w:line="240" w:lineRule="auto"/>
				<w:rPr>
					<w:rFonts w:ascii="Times New Roman" w:hAnsi="Times New Roman" w:cs="Times New Roman"/>
				</w:rPr>
			</w:pPr>
		</w:p>
		<w:p w14:paraId="33FDEECD" w14:textId="77777777" w:rsidR="0066579E" w:rsidRPr="007D6A8C" w:rsidRDefault="00FB1C17" w:rsidP="007D6A8C">
			<w:pPr>
				<w:spacing w:after="120" w:line="240" w:lineRule="auto"/>
				<w:rPr>
					<w:rFonts w:ascii="Times New Roman" w:hAnsi="Times New Roman" w:cs="Times New Roman"/>
				</w:rPr>
			</w:pPr>
			<w:r w:rsidRPr="007D6A8C">
				<w:rPr>
					<w:rFonts w:ascii="Times New Roman" w:hAnsi="Times New Roman" w:cs="Times New Roman"/>
				</w:rPr>
				<w:t>EMTA, Inc.</w:t>
			</w:r>
			<w:r w:rsidRPr="007D6A8C">
				<w:rPr>
					<w:rFonts w:ascii="Times New Roman" w:hAnsi="Times New Roman" w:cs="Times New Roman"/>
				</w:rPr>
				<w:br/>
				<w:t xml:space="preserve">405 Lexington Avenue, Suite 5304 </w:t>
			</w:r>
			<w:r w:rsidRPr="007D6A8C">
				<w:rPr>
					<w:rFonts w:ascii="Times New Roman" w:hAnsi="Times New Roman" w:cs="Times New Roman"/>
				</w:rPr>
				<w:br/>
				<w:t>New York, N.</w:t>
			</w:r>
			<w:r w:rsidRPr="007D6A8C">
				<w:rPr>
					<w:rFonts w:ascii="Times New Roman" w:hAnsi="Times New Roman" w:cs="Times New Roman"/>
				</w:rPr>
				<w:t>Y. 10174</w:t>
			</w:r>
			<w:r w:rsidRPr="007D6A8C">
				<w:rPr>
					<w:rFonts w:ascii="Times New Roman" w:hAnsi="Times New Roman" w:cs="Times New Roman"/>
				</w:rPr>
				<w:br/>
				<w:t>www.emta.org</w:t>
			</w:r>
		</w:p>
		<w:p w14:paraId="2FBF0E75" w14:textId="77777777" w:rsidR="0066579E" w:rsidRDefault="0066579E" w:rsidP="00A27F23">
			<w:pPr>
				<w:spacing w:after="120"/>
			</w:pPr>
		</w:p>
		<w:p w14:paraId="4F9A6C21" w14:textId="77777777" w:rsidR="0066579E" w:rsidRDefault="0066579E" w:rsidP="00A27F23">
			<w:pPr>
				<w:spacing w:after="120"/>
				<w:rPr>
					<w:rFonts w:eastAsiaTheme="minorEastAsia" w:cs="Times New Roman"/>
					<w:color w:val="000000"/>
					<w:sz w:val="22"/>
				</w:rPr>
			</w:pPr>
		</w:p>
		<w:p w14:paraId="72330EB8" w14:textId="77777777" w:rsidR="0066579E" w:rsidRDefault="0066579E" w:rsidP="00A27F23">
			<w:pPr>
				<w:spacing w:after="120"/>
				<w:rPr>
					<w:b/>
				</w:rPr>
				<w:sectPr w:rsidR="0066579E">
					<w:pgSz w:w="11906" w:h="16838"/>
					<w:pgMar w:top="720" w:right="720" w:bottom="720" w:left="720" w:header="708" w:footer="708" w:gutter="0"/>
					<w:cols w:space="708"/>
					<w:docGrid w:linePitch="360"/>
					<w:headerReference r:id="rId8" w:type="default"/>
				</w:sectPr>
			</w:pPr>
		</w:p>
</w:body>