<w:body xmlns:wpc="http://schemas.microsoft.com/office/word/2010/wordprocessingCanvas" xmlns:cx="http://schemas.microsoft.com/office/drawing/2014/chartex" xmlns:cx1="http://schemas.microsoft.com/office/drawing/2015/9/8/chartex" xmlns:cx2="http://schemas.microsoft.com/office/drawing/2015/10/21/chartex" xmlns:cx3="http://schemas.microsoft.com/office/drawing/2016/5/9/chartex" xmlns:cx4="http://schemas.microsoft.com/office/drawing/2016/5/10/chartex" xmlns:cx5="http://schemas.microsoft.com/office/drawing/2016/5/11/chartex" xmlns:cx6="http://schemas.microsoft.com/office/drawing/2016/5/12/chartex" xmlns:cx7="http://schemas.microsoft.com/office/drawing/2016/5/13/chartex" xmlns:cx8="http://schemas.microsoft.com/office/drawing/2016/5/14/chartex" xmlns:mc="http://schemas.openxmlformats.org/markup-compatibility/2006" xmlns:aink="http://schemas.microsoft.com/office/drawing/2016/ink" xmlns:am3d="http://schemas.microsoft.com/office/drawing/2017/model3d" xmlns:o="urn:schemas-microsoft-com:office:office" xmlns:r="http://schemas.openxmlformats.org/officeDocument/2006/relationships" xmlns:m="http://schemas.openxmlformats.org/officeDocument/2006/math" xmlns:v="urn:schemas-microsoft-com:vml" xmlns:wp14="http://schemas.microsoft.com/office/word/2010/wordprocessingDrawing" xmlns:wp="http://schemas.openxmlformats.org/drawingml/2006/wordprocessingDrawing" xmlns:w10="urn:schemas-microsoft-com:office:word" xmlns:w="http://schemas.openxmlformats.org/wordprocessingml/2006/main" xmlns:w14="http://schemas.microsoft.com/office/word/2010/wordml" xmlns:w15="http://schemas.microsoft.com/office/word/2012/wordml" xmlns:w16cid="http://schemas.microsoft.com/office/word/2016/wordml/cid" xmlns:w16se="http://schemas.microsoft.com/office/word/2015/wordml/symex" xmlns:wpg="http://schemas.microsoft.com/office/word/2010/wordprocessingGroup" xmlns:wpi="http://schemas.microsoft.com/office/word/2010/wordprocessingInk" xmlns:wne="http://schemas.microsoft.com/office/word/2006/wordml" xmlns:wps="http://schemas.microsoft.com/office/word/2010/wordprocessingShape" mc:Ignorable="w14 w15 w16se w16cid wp14">
	<w:p w14:paraId="2F81D358" w14:textId="0265D157" w:rsidR="00DD4A5E" w:rsidRDefault="00DD4A5E" w:rsidP="003D6665">
		<w:pPr>
				<w:jc w:val="center"/>
			</w:pPr>
		<w:r>
			<w:br/>
			<w:br/>
			<w:br/>
			<w:br/>
			<w:br/>
			<w:br/>
			<w:br/>
			<w:br/>
			<w:br/>
			<w:br/>
			<w:br/>
			<w:br/>
			<w:rPr>
				<w:sz w:val="44"/>
				<w:b w:val="true"/>
				<w:rFonts w:ascii="Times New Roman" w:hAnsi="Times New Roman"/>
			</w:rPr>
			<w:t xml:space="preserve">Exhibits to the 2021 ISDA Interest Rate Derivatives Definitions</w:t>
			<w:br/>
			<w:br/>
		</w:r>
			
		</w:p>
		<w:p w14:paraId="14AF26EF" w14:textId="38F6FC7B" w:rsidR="003D6665" w:rsidRDefault="003D6665" w:rsidP="003D6665">
			<w:pPr>
				<w:pStyle w:val="Body"/>
				<w:jc w:val="center"/>
			</w:pPr>
			<w:r>
				<w:t xml:space="preserve">Published </w:t>
			</w:r>
			<w:r w:rsidR="00D153F5">
				<w:t>September 30</w:t>
			</w:r>
			<w:r>
				<w:t xml:space="preserve">, 2021, Effective </w:t>
			</w:r>
			<w:r w:rsidR="00D153F5">
				<w:t>September 30</w:t>
			</w:r>
			<w:r>
				<w:t>, 2021</w:t>
			</w:r>
		</w:p>
		<w:p w14:paraId="1E754AE2" w14:textId="77777777" w:rsidR="003D6665" w:rsidRDefault="003D6665" w:rsidP="003D6665">
			<w:pPr>
				<w:pStyle w:val="Body"/>
				<w:jc w:val="center"/>
				<w:rPr>
					<w:b/>
					<w:bCs/>
				</w:rPr>
			</w:pPr>
			<w:r>
				<w:rPr>
					<w:b/>
					<w:bCs/>
				</w:rPr>
				<w:t>Version 2.0</w:t>
			</w:r>
		</w:p>
		<w:p>
			<w:pPr>
				<w:sectPr>
					<w:pgSz w:w="11900" w:h="16840"/>
					<w:pgMar w:top="1415" w:right="1105" w:bottom="1985" w:left="1275" w:header="1049" w:footer="880" w:gutter="0"/>
					<w:footerReference w:type="default" r:id="rId11"/>
					<w:headerReference r:id="rId10" w:type="default"/>
				</w:sectPr>
			</w:pPr>
		</w:p>
</w:body>